co_municipio;Município;UF;Regiao
1200013;Acrelândia;AC;Norte
1200054;Assis Brasil;AC;Norte
1200104;Brasiléia;AC;Norte
1200138;Bujari;AC;Norte
1200179;Capixaba;AC;Norte
1200203;Cruzeiro do Sul;AC;Norte
1200252;Epitaciolândia;AC;Norte
1200302;Feijó;AC;Norte
1200328;Jordão;AC;Norte
1200336;Mâncio Lima;AC;Norte
1200344;Manoel Urbano;AC;Norte
1200351;Marechal Thaumaturgo;AC;Norte
1200385;Plácido de Castro;AC;Norte
1200807;Porto Acre;AC;Norte
1200393;Porto Walter;AC;Norte
1200401;Rio Branco;AC;Norte
1200427;Rodrigues Alves;AC;Norte
1200435;Santa Rosa do Purus;AC;Norte
1200500;Sena Madureira;AC;Norte
1200450;Senador Guiomard;AC;Norte
1200609;Tarauacá;AC;Norte
1200708;Xapuri;AC;Norte
2700102;Água Branca;AL;Nordeste
2700201;Anadia;AL;Nordeste
2700300;Arapiraca;AL;Nordeste
2700409;Atalaia;AL;Nordeste
2700607;Barra de São Miguel;AL;Nordeste
2700706;Batalha;AL;Nordeste
2700805;Belém;AL;Nordeste
2700904;Belo Monte;AL;Nordeste
2701001;Boca da Mata;AL;Nordeste
2701209;Cacimbinhas;AL;Nordeste
2701308;Cajueiro;AL;Nordeste
2701357;Campestre;AL;Nordeste
2701407;Campo Alegre;AL;Nordeste
2701605;Canapi;AL;Nordeste
2701704;Capela;AL;Nordeste
2701803;Carneiros;AL;Nordeste
2701902;Chã Preta;AL;Nordeste
2702009;Coité do Nóia;AL;Nordeste
2702108;Colônia Leopoldina;AL;Nordeste
2702207;Coqueiro Seco;AL;Nordeste
2702306;Coruripe;AL;Nordeste
2702355;Craíbas;AL;Nordeste
2702405;Delmiro Gouveia;AL;Nordeste
2702504;Dois Riachos;AL;Nordeste
2702553;Estrela de Alagoas;AL;Nordeste
2702603;Feira Grande;AL;Nordeste
2702702;Feliz Deserto;AL;Nordeste
2702801;Flexeiras;AL;Nordeste
2702900;Girau do Ponciano;AL;Nordeste
2703007;Ibateguara;AL;Nordeste
2703106;Igaci;AL;Nordeste
2703205;Igreja Nova;AL;Nordeste
2703304;Inhapi;AL;Nordeste
2703403;Jacaré dos Homens;AL;Nordeste
2703502;Jacuípe;AL;Nordeste
2703601;Japaratinga;AL;Nordeste
2703700;Jaramataia;AL;Nordeste
2703759;Jequiá da Praia;AL;Nordeste
2703809;Joaquim Gomes;AL;Nordeste
2703908;Jundiá;AL;Nordeste
2704005;Junqueiro;AL;Nordeste
2704104;Lagoa da Canoa;AL;Nordeste
2704203;Limoeiro de Anadia;AL;Nordeste
2704401;Major Isidoro;AL;Nordeste
2704906;Mar Vermelho;AL;Nordeste
2704500;Maragogi;AL;Nordeste
2704609;Maravilha;AL;Nordeste
2704708;Marechal Deodoro;AL;Nordeste
2704807;Maribondo;AL;Nordeste
2705002;Mata Grande;AL;Nordeste
2705101;Matriz de Camaragibe;AL;Nordeste
2705200;Messias;AL;Nordeste
2705309;Minador do Negrão;AL;Nordeste
2705408;Monteirópolis;AL;Nordeste
2705507;Murici;AL;Nordeste
2705606;Novo Lino;AL;Nordeste
2705705;Olho d'Água das Flores;AL;Nordeste
2705804;Olho d'Água do Casado;AL;Nordeste
2706000;Olivença;AL;Nordeste
2706109;Ouro Branco;AL;Nordeste
2706208;Palestina;AL;Nordeste
2706307;Palmeira dos Índios;AL;Nordeste
2706406;Pão de Açúcar;AL;Nordeste
2706422;Pariconha;AL;Nordeste
2706505;Passo de Camaragibe;AL;Nordeste
2706604;Paulo Jacinto;AL;Nordeste
2706703;Penedo;AL;Nordeste
2706802;Piaçabuçu;AL;Nordeste
2706901;Pilar;AL;Nordeste
2707008;Pindoba;AL;Nordeste
2707107;Piranhas;AL;Nordeste
2707206;Poço das Trincheiras;AL;Nordeste
2707305;Porto Calvo;AL;Nordeste
2707404;Porto de Pedras;AL;Nordeste
2707503;Porto Real do Colégio;AL;Nordeste
2707602;Quebrangulo;AL;Nordeste
2707701;Rio Largo;AL;Nordeste
2707800;Roteiro;AL;Nordeste
2707909;Santa Luzia do Norte;AL;Nordeste
2708006;Santana do Ipanema;AL;Nordeste
2708204;São Brás;AL;Nordeste
2708303;São José da Laje;AL;Nordeste
2708402;São José da Tapera;AL;Nordeste
2708501;São Luís do Quitunde;AL;Nordeste
2708600;São Miguel dos Campos;AL;Nordeste
2708709;São Miguel dos Milagres;AL;Nordeste
2708808;São Sebastião;AL;Nordeste
2708956;Senador Rui Palmeira;AL;Nordeste
2709004;Tanque d'Arca;AL;Nordeste
2709103;Taquarana;AL;Nordeste
2709152;Teotônio Vilela;AL;Nordeste
2709202;Traipu;AL;Nordeste
2709301;União dos Palmares;AL;Nordeste
2709400;Viçosa;AL;Nordeste
1300029;Alvarães;AM;Norte
1300060;Amaturá;AM;Norte
1300086;Anamã;AM;Norte
1300102;Anori;AM;Norte
1300144;Apuí;AM;Norte
1300201;Atalaia do Norte;AM;Norte
1300300;Autazes;AM;Norte
1300409;Barcelos;AM;Norte
1300508;Barreirinha;AM;Norte
1300607;Benjamin Constant;AM;Norte
1300631;Beruri;AM;Norte
1300680;Boa Vista do Ramos;AM;Norte
1300706;Boca do Acre;AM;Norte
1300805;Borba;AM;Norte
1300839;Caapiranga;AM;Norte
1300904;Canutama;AM;Norte
1301001;Carauari;AM;Norte
1301100;Careiro;AM;Norte
1301159;Careiro da Várzea;AM;Norte
1301209;Coari;AM;Norte
1301308;Codajás;AM;Norte
1301407;Eirunepé;AM;Norte
1301506;Envira;AM;Norte
1301605;Fonte Boa;AM;Norte
1301654;Guajará;AM;Norte
1301704;Humaitá;AM;Norte
1301803;Ipixuna;AM;Norte
1301852;Iranduba;AM;Norte
1301902;Itacoatiara;AM;Norte
1301951;Itamarati;AM;Norte
1302009;Itapiranga;AM;Norte
1302108;Japurá;AM;Norte
1302207;Juruá;AM;Norte
1302306;Jutaí;AM;Norte
1302405;Lábrea;AM;Norte
1302504;Manacapuru;AM;Norte
1302553;Manaquiri;AM;Norte
1302702;Manicoré;AM;Norte
1302801;Maraã;AM;Norte
1302900;Maués;AM;Norte
1303007;Nhamundá;AM;Norte
1303106;Nova Olinda do Norte;AM;Norte
1303205;Novo Airão;AM;Norte
1303304;Novo Aripuanã;AM;Norte
1303403;Parintins;AM;Norte
1303502;Pauini;AM;Norte
1303536;Presidente Figueiredo;AM;Norte
1303569;Rio Preto da Eva;AM;Norte
1303601;Santa Isabel do Rio Negro;AM;Norte
1303700;Santo Antônio do Içá;AM;Norte
1303809;São Gabriel da Cachoeira;AM;Norte
1303908;São Paulo de Olivença;AM;Norte
1303957;São Sebastião do Uatumã;AM;Norte
1304005;Silves;AM;Norte
1304062;Tabatinga;AM;Norte
1304104;Tapauá;AM;Norte
1304203;Tefé;AM;Norte
1304237;Tonantins;AM;Norte
1304260;Uarini;AM;Norte
1304302;Urucará;AM;Norte
1304401;Urucurituba;AM;Norte
1600105;Amapá;AP;Norte
1600204;Calçoene;AP;Norte
1600212;Cutias;AP;Norte
1600238;Ferreira Gomes;AP;Norte
1600253;Itaubal;AP;Norte
1600279;Laranjal do Jari;AP;Norte
1600303;Macapá;AP;Norte
1600402;Mazagão;AP;Norte
1600501;Oiapoque;AP;Norte
1600154;Pedra Branca do Amapari;AP;Norte
1600535;Porto Grande;AP;Norte
1600550;Pracuúba;AP;Norte
1600600;Santana;AP;Norte
1600055;Serra do Navio;AP;Norte
1600709;Tartarugalzinho;AP;Norte
1600808;Vitória do Jari;AP;Norte
2900108;Abaíra;BA;Nordeste
2900306;Acajutiba;BA;Nordeste
2900355;Adustina;BA;Nordeste
2900405;Água Fria;BA;Nordeste
2900702;Alagoinhas;BA;Nordeste
2900801;Alcobaça;BA;Nordeste
2901007;Amargosa;BA;Nordeste
2901106;Amélia Rodrigues;BA;Nordeste
2901155;América Dourada;BA;Nordeste
2901205;Anagé;BA;Nordeste
2901304;Andaraí;BA;Nordeste
2901353;Andorinha;BA;Nordeste
2901403;Angical;BA;Nordeste
2901601;Antas;BA;Nordeste
2901700;Antônio Cardoso;BA;Nordeste
2901809;Antônio Gonçalves;BA;Nordeste
2901908;Aporá;BA;Nordeste
2902104;Araci;BA;Nordeste
2902401;Aurelino Leal;BA;Nordeste
2902609;Baixa Grande;BA;Nordeste
2902658;Banzaê;BA;Nordeste
2902708;Barra;BA;Nordeste
2902807;Barra da Estiva;BA;Nordeste
2902906;Barra do Choça;BA;Nordeste
2903003;Barra do Mendes;BA;Nordeste
2903102;Barra do Rocha;BA;Nordeste
2903201;Barreiras;BA;Nordeste
2903235;Barro Alto;BA;Nordeste
2903276;Barrocas;BA;Nordeste
2903508;Belo Campo;BA;Nordeste
2903607;Biritinga;BA;Nordeste
2903706;Boa Nova;BA;Nordeste
2903805;Boa Vista do Tupim;BA;Nordeste
2903904;Bom Jesus da Lapa;BA;Nordeste
2904001;Boninal;BA;Nordeste
2904050;Bonito;BA;Nordeste
2904308;Brejões;BA;Nordeste
2904605;Brumado;BA;Nordeste
2904753;Buritirama;BA;Nordeste
2904803;Caatiba;BA;Nordeste
2904902;Cachoeira;BA;Nordeste
2905008;Caculé;BA;Nordeste
2905107;Caém;BA;Nordeste
2905156;Caetanos;BA;Nordeste
2905206;Caetité;BA;Nordeste
2905305;Cafarnaum;BA;Nordeste
2906006;Campo Formoso;BA;Nordeste
2906204;Canarana;BA;Nordeste
2906709;Cândido Sales;BA;Nordeste
2906808;Cansanção;BA;Nordeste
2906824;Canudos;BA;Nordeste
2906857;Capela do Alto Alegre;BA;Nordeste
2906873;Capim Grosso;BA;Nordeste
2906899;Caraíbas;BA;Nordeste
2907103;Carinhanha;BA;Nordeste
2907202;Casa Nova;BA;Nordeste
2907301;Castro Alves;BA;Nordeste
2907400;Catolândia;BA;Nordeste
2907558;Caturama;BA;Nordeste
2907707;Chorrochó;BA;Nordeste
2907806;Cícero Dantas;BA;Nordeste
2907905;Cipó;BA;Nordeste
2908200;Conceição da Feira;BA;Nordeste
2908309;Conceição de Almeida;BA;Nordeste
2908408;Conceição do Coité;BA;Nordeste
2908606;Conde;BA;Nordeste
2908903;Coração de Maria;BA;Nordeste
2909000;Cordeiros;BA;Nordeste
2909109;Coribe;BA;Nordeste
2909208;Coronel João Sá;BA;Nordeste
2909307;Correntina;BA;Nordeste
2909505;Cravolândia;BA;Nordeste
2909604;Crisópolis;BA;Nordeste
2909703;Cristópolis;BA;Nordeste
2909901;Curaçá;BA;Nordeste
2910008;Dário Meira;BA;Nordeste
2910107;Dom Basílio;BA;Nordeste
2910305;Elísio Medrado;BA;Nordeste
2910404;Encruzilhada;BA;Nordeste
2900504;Érico Cardoso;BA;Nordeste
2910602;Esplanada;BA;Nordeste
2910701;Euclides da Cunha;BA;Nordeste
2910750;Fátima;BA;Nordeste
2910776;Feira da Mata;BA;Nordeste
2910800;Feira de Santana;BA;Nordeste
2910859;Filadélfia;BA;Nordeste
2911105;Formosa do Rio Preto;BA;Nordeste
2911253;Gavião;BA;Nordeste
2911402;Glória;BA;Nordeste
2911600;Governador Mangabeira;BA;Nordeste
2911659;Guajeru;BA;Nordeste
2911709;Guanambi;BA;Nordeste
2911857;Heliópolis;BA;Nordeste
2912004;Ibiassucê;BA;Nordeste
2912202;Ibicoara;BA;Nordeste
2912400;Ibipeba;BA;Nordeste
2912608;Ibiquera;BA;Nordeste
2913101;Ibititá;BA;Nordeste
2913200;Ibotirama;BA;Nordeste
2913309;Ichu;BA;Nordeste
2913408;Igaporã;BA;Nordeste
2913606;Ilhéus;BA;Nordeste
2913705;Inhambupe;BA;Nordeste
2913804;Ipecaetá;BA;Nordeste
2914000;Ipirá;BA;Nordeste
2914208;Irajuba;BA;Nordeste
2914307;Iramaia;BA;Nordeste
2914406;Iraquara;BA;Nordeste
2914505;Irará;BA;Nordeste
2914604;Irecê;BA;Nordeste
2914703;Itaberaba;BA;Nordeste
2915106;Itagi;BA;Nordeste
2915205;Itagibá;BA;Nordeste
2915809;Itambé;BA;Nordeste
2916005;Itanhém;BA;Nordeste
2916401;Itapetinga;BA;Nordeste
2916500;Itapicuru;BA;Nordeste
2916708;Itaquara;BA;Nordeste
2916807;Itarantim;BA;Nordeste
2916856;Itatim;BA;Nordeste
2916906;Itiruçu;BA;Nordeste
2917003;Itiúba;BA;Nordeste
2917102;Itororó;BA;Nordeste
2917334;Iuiu;BA;Nordeste
2917409;Jacaraci;BA;Nordeste
2917508;Jacobina;BA;Nordeste
2917607;Jaguaquara;BA;Nordeste
2917706;Jaguarari;BA;Nordeste
2918001;Jequié;BA;Nordeste
2918100;Jeremoabo;BA;Nordeste
2918308;Jitaúna;BA;Nordeste
2918357;João Dourado;BA;Nordeste
2918407;Juazeiro;BA;Nordeste
2918506;Jussara;BA;Nordeste
2918555;Jussari;BA;Nordeste
2918605;Jussiape;BA;Nordeste
2918704;Lafaiete Coutinho;BA;Nordeste
2918753;Lagoa Real;BA;Nordeste
2918803;Laje;BA;Nordeste
2919009;Lajedinho;BA;Nordeste
2919058;Lajedo do Tabocal;BA;Nordeste
2919108;Lamarão;BA;Nordeste
2919157;Lapão;BA;Nordeste
2919306;Lençóis;BA;Nordeste
2919405;Licínio de Almeida;BA;Nordeste
2919504;Livramento de Nossa Senhora;BA;Nordeste
2919553;Luís Eduardo Magalhães;BA;Nordeste
2919702;Macarani;BA;Nordeste
2919926;Madre de Deus;BA;Nordeste
2919959;Maetinga;BA;Nordeste
2920007;Maiquinique;BA;Nordeste
2920106;Mairi;BA;Nordeste
2920205;Malhada;BA;Nordeste
2920403;Manoel Vitorino;BA;Nordeste
2920452;Mansidão;BA;Nordeste
2920502;Maracás;BA;Nordeste
2920700;Maraú;BA;Nordeste
2921054;Matina;BA;Nordeste
2921203;Miguel Calmon;BA;Nordeste
2921302;Milagres;BA;Nordeste
2921401;Mirangaba;BA;Nordeste
2921500;Monte Santo;BA;Nordeste
2921609;Morpará;BA;Nordeste
2921708;Morro do Chapéu;BA;Nordeste
2922052;Mulungu do Morro;BA;Nordeste
2922102;Mundo Novo;BA;Nordeste
2922250;Muquém do São Francisco;BA;Nordeste
2922656;Nordestina;BA;Nordeste
2922706;Nova Canaã;BA;Nordeste
2922730;Nova Fátima;BA;Nordeste
2922805;Nova Itarana;BA;Nordeste
2922854;Nova Redenção;BA;Nordeste
2922904;Nova Soure;BA;Nordeste
2923050;Novo Triunfo;BA;Nordeste
2923100;Olindina;BA;Nordeste
2923209;Oliveira dos Brejinhos;BA;Nordeste
2923308;Ouriçangas;BA;Nordeste
2923407;Palmas de Monte Alto;BA;Nordeste
2923506;Palmeiras;BA;Nordeste
2923803;Paripiranga;BA;Nordeste
2924009;Paulo Afonso;BA;Nordeste
2924058;Pé de Serra;BA;Nordeste
2924207;Pedro Alexandre;BA;Nordeste
2924306;Piatã;BA;Nordeste
2924504;Pindaí;BA;Nordeste
2924603;Pindobaçu;BA;Nordeste
2924801;Piritiba;BA;Nordeste
2925006;Planalto;BA;Nordeste
2925105;Poções;BA;Nordeste
2925253;Ponto Novo;BA;Nordeste
2925402;Potiraguá;BA;Nordeste
2925600;Presidente Dutra;BA;Nordeste
2925709;Presidente Jânio Quadros;BA;Nordeste
2925808;Queimadas;BA;Nordeste
2925931;Quixabeira;BA;Nordeste
2926004;Remanso;BA;Nordeste
2926103;Retirolândia;BA;Nordeste
2926202;Riachão das Neves;BA;Nordeste
2926301;Riachão do Jacuípe;BA;Nordeste
2926400;Riacho de Santana;BA;Nordeste
2926509;Ribeira do Amparo;BA;Nordeste
2926608;Ribeira do Pombal;BA;Nordeste
2926657;Ribeirão do Largo;BA;Nordeste
2926707;Rio de Contas;BA;Nordeste
2926806;Rio do Antônio;BA;Nordeste
2927002;Rio Real;BA;Nordeste
2927101;Rodelas;BA;Nordeste
2927200;Ruy Barbosa;BA;Nordeste
2927309;Salinas da Margarida;BA;Nordeste
2927507;Santa Bárbara;BA;Nordeste
2927903;Santa Inês;BA;Nordeste
2928109;Santa Maria da Vitória;BA;Nordeste
2928406;Santa Rita de Cássia;BA;Nordeste
2928505;Santa Terezinha;BA;Nordeste
2928208;Santana;BA;Nordeste
2928604;Santo Amaro;BA;Nordeste
2928703;Santo Antônio de Jesus;BA;Nordeste
2928802;Santo Estêvão;BA;Nordeste
2928950;São Domingos;BA;Nordeste
2929008;São Félix;BA;Nordeste
2929057;São Félix do Coribe;BA;Nordeste
2929255;São Gabriel;BA;Nordeste
2929305;São Gonçalo dos Campos;BA;Nordeste
2929701;Sátiro Dias;BA;Nordeste
2929800;Saúde;BA;Nordeste
2930105;Senhor do Bonfim;BA;Nordeste
2930204;Sento Sé;BA;Nordeste
2930154;Serra do Ramalho;BA;Nordeste
2930501;Serrinha;BA;Nordeste
2930600;Serrolândia;BA;Nordeste
2930709;Simões Filho;BA;Nordeste
2930766;Sítio do Quinto;BA;Nordeste
2930774;Sobradinho;BA;Nordeste
2930808;Souto Soares;BA;Nordeste
2931004;Tanhaçu;BA;Nordeste
2931053;Tanque Novo;BA;Nordeste
2931103;Tanquinho;BA;Nordeste
2931301;Tapiramutá;BA;Nordeste
2931509;Teofilândia;BA;Nordeste
2931905;Tucano;BA;Nordeste
2932002;Uauá;BA;Nordeste
2932101;Ubaíra;BA;Nordeste
2932200;Ubaitaba;BA;Nordeste
2932606;Urandi;BA;Nordeste
2932804;Utinga;BA;Nordeste
2933000;Valente;BA;Nordeste
2933109;Várzea do Poço;BA;Nordeste
2933158;Várzea Nova;BA;Nordeste
2933257;Vereda;BA;Nordeste
2933307;Vitória da Conquista;BA;Nordeste
2933406;Wagner;BA;Nordeste
2933505;Wenceslau Guimarães;BA;Nordeste
2933604;Xique-Xique;BA;Nordeste
2300101;Abaiara;CE;Nordeste
2300150;Acarape;CE;Nordeste
2300200;Acaraú;CE;Nordeste
2300309;Acopiara;CE;Nordeste
2300408;Aiuaba;CE;Nordeste
2300507;Alcântaras;CE;Nordeste
2300606;Altaneira;CE;Nordeste
2300705;Alto Santo;CE;Nordeste
2300754;Amontada;CE;Nordeste
2300804;Antonina do Norte;CE;Nordeste
2300903;Apuiarés;CE;Nordeste
2301000;Aquiraz;CE;Nordeste
2301109;Aracati;CE;Nordeste
2301208;Aracoiaba;CE;Nordeste
2301257;Ararendá;CE;Nordeste
2301307;Araripe;CE;Nordeste
2301406;Aratuba;CE;Nordeste
2301505;Arneiroz;CE;Nordeste
2301604;Assaré;CE;Nordeste
2301703;Aurora;CE;Nordeste
2301802;Baixio;CE;Nordeste
2301851;Banabuiú;CE;Nordeste
2301901;Barbalha;CE;Nordeste
2301950;Barreira;CE;Nordeste
2302008;Barro;CE;Nordeste
2302057;Barroquinha;CE;Nordeste
2302107;Baturité;CE;Nordeste
2302206;Beberibe;CE;Nordeste
2302305;Bela Cruz;CE;Nordeste
2302404;Boa Viagem;CE;Nordeste
2302503;Brejo Santo;CE;Nordeste
2302602;Camocim;CE;Nordeste
2302701;Campos Sales;CE;Nordeste
2302800;Canindé;CE;Nordeste
2302909;Capistrano;CE;Nordeste
2303006;Caridade;CE;Nordeste
2303105;Cariré;CE;Nordeste
2303204;Caririaçu;CE;Nordeste
2303303;Cariús;CE;Nordeste
2303402;Carnaubal;CE;Nordeste
2303501;Cascavel;CE;Nordeste
2303600;Catarina;CE;Nordeste
2303659;Catunda;CE;Nordeste
2303709;Caucaia;CE;Nordeste
2303808;Cedro;CE;Nordeste
2303907;Chaval;CE;Nordeste
2303931;Choró;CE;Nordeste
2303956;Chorozinho;CE;Nordeste
2304004;Coreaú;CE;Nordeste
2304103;Crateús;CE;Nordeste
2304202;Crato;CE;Nordeste
2304236;Croatá;CE;Nordeste
2304251;Cruz;CE;Nordeste
2304269;Deputado Irapuan Pinheiro;CE;Nordeste
2304277;Ereré;CE;Nordeste
2304285;Eusébio;CE;Nordeste
2304301;Farias Brito;CE;Nordeste
2304350;Forquilha;CE;Nordeste
2304459;Fortim;CE;Nordeste
2304509;Frecheirinha;CE;Nordeste
2304608;General Sampaio;CE;Nordeste
2304657;Graça;CE;Nordeste
2304707;Granja;CE;Nordeste
2304806;Granjeiro;CE;Nordeste
2304905;Groaíras;CE;Nordeste
2304954;Guaiúba;CE;Nordeste
2305001;Guaraciaba do Norte;CE;Nordeste
2305100;Guaramiranga;CE;Nordeste
2305209;Hidrolândia;CE;Nordeste
2305233;Horizonte;CE;Nordeste
2305266;Ibaretama;CE;Nordeste
2305308;Ibiapina;CE;Nordeste
2305332;Ibicuitinga;CE;Nordeste
2305357;Icapuí;CE;Nordeste
2305407;Icó;CE;Nordeste
2305506;Iguatu;CE;Nordeste
2305605;Independência;CE;Nordeste
2305654;Ipaporanga;CE;Nordeste
2305704;Ipaumirim;CE;Nordeste
2305803;Ipu;CE;Nordeste
2305902;Ipueiras;CE;Nordeste
2306009;Iracema;CE;Nordeste
2306108;Irauçuba;CE;Nordeste
2306207;Itaiçaba;CE;Nordeste
2306256;Itaitinga;CE;Nordeste
2306306;Itapajé;CE;Nordeste
2306405;Itapipoca;CE;Nordeste
2306504;Itapiúna;CE;Nordeste
2306553;Itarema;CE;Nordeste
2306603;Itatira;CE;Nordeste
2306702;Jaguaretama;CE;Nordeste
2306801;Jaguaribara;CE;Nordeste
2306900;Jaguaribe;CE;Nordeste
2307007;Jaguaruana;CE;Nordeste
2307106;Jardim;CE;Nordeste
2307205;Jati;CE;Nordeste
2307254;Jijoca de Jericoacoara;CE;Nordeste
2307304;Juazeiro do Norte;CE;Nordeste
2307403;Jucás;CE;Nordeste
2307502;Lavras da Mangabeira;CE;Nordeste
2307601;Limoeiro do Norte;CE;Nordeste
2307635;Madalena;CE;Nordeste
2307650;Maracanaú;CE;Nordeste
2307700;Maranguape;CE;Nordeste
2307809;Marco;CE;Nordeste
2307908;Martinópole;CE;Nordeste
2308005;Massapê;CE;Nordeste
2308104;Mauriti;CE;Nordeste
2308203;Meruoca;CE;Nordeste
2308302;Milagres;CE;Nordeste
2308351;Milhã;CE;Nordeste
2308377;Miraíma;CE;Nordeste
2308401;Missão Velha;CE;Nordeste
2308500;Mombaça;CE;Nordeste
2308609;Monsenhor Tabosa;CE;Nordeste
2308708;Morada Nova;CE;Nordeste
2308807;Moraújo;CE;Nordeste
2308906;Morrinhos;CE;Nordeste
2309003;Mucambo;CE;Nordeste
2309102;Mulungu;CE;Nordeste
2309201;Nova Olinda;CE;Nordeste
2309300;Nova Russas;CE;Nordeste
2309409;Novo Oriente;CE;Nordeste
2309458;Ocara;CE;Nordeste
2309508;Orós;CE;Nordeste
2309607;Pacajus;CE;Nordeste
2309706;Pacatuba;CE;Nordeste
2309805;Pacoti;CE;Nordeste
2309904;Pacujá;CE;Nordeste
2310001;Palhano;CE;Nordeste
2310100;Palmácia;CE;Nordeste
2310209;Paracuru;CE;Nordeste
2310258;Paraipaba;CE;Nordeste
2310308;Parambu;CE;Nordeste
2310407;Paramoti;CE;Nordeste
2310506;Pedra Branca;CE;Nordeste
2310605;Penaforte;CE;Nordeste
2310704;Pentecoste;CE;Nordeste
2310803;Pereiro;CE;Nordeste
2310852;Pindoretama;CE;Nordeste
2310902;Piquet Carneiro;CE;Nordeste
2310951;Pires Ferreira;CE;Nordeste
2311009;Poranga;CE;Nordeste
2311108;Porteiras;CE;Nordeste
2311207;Potengi;CE;Nordeste
2311231;Potiretama;CE;Nordeste
2311264;Quiterianópolis;CE;Nordeste
2311306;Quixadá;CE;Nordeste
2311355;Quixelô;CE;Nordeste
2311405;Quixeramobim;CE;Nordeste
2311504;Quixeré;CE;Nordeste
2311603;Redenção;CE;Nordeste
2311702;Reriutaba;CE;Nordeste
2311801;Russas;CE;Nordeste
2311900;Saboeiro;CE;Nordeste
2311959;Salitre;CE;Nordeste
2312205;Santa Quitéria;CE;Nordeste
2312007;Santana do Acaraú;CE;Nordeste
2312106;Santana do Cariri;CE;Nordeste
2312304;São Benedito;CE;Nordeste
2312403;São Gonçalo do Amarante;CE;Nordeste
2312502;São João do Jaguaribe;CE;Nordeste
2312601;São Luís do Curu;CE;Nordeste
2312700;Senador Pompeu;CE;Nordeste
2312809;Senador Sá;CE;Nordeste
2312908;Sobral;CE;Nordeste
2313005;Solonópole;CE;Nordeste
2313104;Tabuleiro do Norte;CE;Nordeste
2313203;Tamboril;CE;Nordeste
2313252;Tarrafas;CE;Nordeste
2313302;Tauá;CE;Nordeste
2313351;Tejuçuoca;CE;Nordeste
2313401;Tianguá;CE;Nordeste
2313500;Trairi;CE;Nordeste
2313559;Tururu;CE;Nordeste
2313609;Ubajara;CE;Nordeste
2313708;Umari;CE;Nordeste
2313757;Umirim;CE;Nordeste
2313807;Uruburetama;CE;Nordeste
2313906;Uruoca;CE;Nordeste
2313955;Varjota;CE;Nordeste
2314003;Várzea Alegre;CE;Nordeste
2314102;Viçosa do Ceará;CE;Nordeste
2100055;Açailândia;MA;Nordeste
2100105;Afonso Cunha;MA;Nordeste
2100154;Água Doce do Maranhão;MA;Nordeste
2100204;Alcântara;MA;Nordeste
2100303;Aldeias Altas;MA;Nordeste
2100402;Altamira do Maranhão;MA;Nordeste
2100436;Alto Alegre do Maranhão;MA;Nordeste
2100477;Alto Alegre do Pindaré;MA;Nordeste
2100501;Alto Parnaíba;MA;Nordeste
2100550;Amapá do Maranhão;MA;Nordeste
2100600;Amarante do Maranhão;MA;Nordeste
2100709;Anajatuba;MA;Nordeste
2100808;Anapurus;MA;Nordeste
2100832;Apicum-Açu;MA;Nordeste
2100873;Araguanã;MA;Nordeste
2100907;Araioses;MA;Nordeste
2100956;Arame;MA;Nordeste
2101004;Arari;MA;Nordeste
2101103;Axixá;MA;Nordeste
2101202;Bacabal;MA;Nordeste
2101251;Bacabeira;MA;Nordeste
2101301;Bacuri;MA;Nordeste
2101350;Bacurituba;MA;Nordeste
2101400;Balsas;MA;Nordeste
2101509;Barão de Grajaú;MA;Nordeste
2101608;Barra do Corda;MA;Nordeste
2101707;Barreirinhas;MA;Nordeste
2101772;Bela Vista do Maranhão;MA;Nordeste
2101731;Belágua;MA;Nordeste
2101806;Benedito Leite;MA;Nordeste
2101905;Bequimão;MA;Nordeste
2101939;Bernardo do Mearim;MA;Nordeste
2101970;Boa Vista do Gurupi;MA;Nordeste
2102002;Bom Jardim;MA;Nordeste
2102036;Bom Jesus das Selvas;MA;Nordeste
2102077;Bom Lugar;MA;Nordeste
2102101;Brejo;MA;Nordeste
2102150;Brejo de Areia;MA;Nordeste
2102200;Buriti;MA;Nordeste
2102309;Buriti Bravo;MA;Nordeste
2102325;Buriticupu;MA;Nordeste
2102358;Buritirana;MA;Nordeste
2102374;Cachoeira Grande;MA;Nordeste
2102408;Cajapió;MA;Nordeste
2102507;Cajari;MA;Nordeste
2102556;Campestre do Maranhão;MA;Nordeste
2102606;Cândido Mendes;MA;Nordeste
2102705;Cantanhede;MA;Nordeste
2102754;Capinzal do Norte;MA;Nordeste
2102804;Carolina;MA;Nordeste
2102903;Carutapera;MA;Nordeste
2103000;Caxias;MA;Nordeste
2103109;Cedral;MA;Nordeste
2103125;Central do Maranhão;MA;Nordeste
2103158;Centro do Guilherme;MA;Nordeste
2103174;Centro Novo do Maranhão;MA;Nordeste
2103208;Chapadinha;MA;Nordeste
2103257;Cidelândia;MA;Nordeste
2103307;Codó;MA;Nordeste
2103406;Coelho Neto;MA;Nordeste
2103505;Colinas;MA;Nordeste
2103554;Conceição do Lago-Açu;MA;Nordeste
2103604;Coroatá;MA;Nordeste
2103703;Cururupu;MA;Nordeste
2103752;Davinópolis;MA;Nordeste
2103802;Dom Pedro;MA;Nordeste
2103901;Duque Bacelar;MA;Nordeste
2104008;Esperantinópolis;MA;Nordeste
2104057;Estreito;MA;Nordeste
2104073;Feira Nova do Maranhão;MA;Nordeste
2104081;Fernando Falcão;MA;Nordeste
2104099;Formosa da Serra Negra;MA;Nordeste
2104107;Fortaleza dos Nogueiras;MA;Nordeste
2104206;Fortuna;MA;Nordeste
2104305;Godofredo Viana;MA;Nordeste
2104404;Gonçalves Dias;MA;Nordeste
2104503;Governador Archer;MA;Nordeste
2104552;Governador Edison Lobão (Ribeirãozinho do Maranhão);MA;Nordeste
2104602;Governador Eugênio Barros;MA;Nordeste
2104628;Governador Luiz Rocha;MA;Nordeste
2104651;Governador Newton Bello;MA;Nordeste
2104677;Governador Nunes Freire;MA;Nordeste
2104701;Graça Aranha;MA;Nordeste
2104800;Grajaú;MA;Nordeste
2104909;Guimarães;MA;Nordeste
2105005;Humberto de Campos;MA;Nordeste
2105104;Icatu;MA;Nordeste
2105153;Igarapé do Meio;MA;Nordeste
2105203;Igarapé Grande;MA;Nordeste
2105302;Imperatriz;MA;Nordeste
2105351;Itaipava do Grajaú;MA;Nordeste
2105401;Itapecuru Mirim;MA;Nordeste
2105427;Itinga do Maranhão;MA;Nordeste
2105450;Jatobá;MA;Nordeste
2105476;Jenipapo dos Vieiras;MA;Nordeste
2105500;João Lisboa;MA;Nordeste
2105609;Joselândia;MA;Nordeste
2105658;Junco do Maranhão;MA;Nordeste
2105708;Lago da Pedra;MA;Nordeste
2105807;Lago do Junco;MA;Nordeste
2105948;Lago dos Rodrigues;MA;Nordeste
2105906;Lago Verde;MA;Nordeste
2105922;Lagoa do Mato;MA;Nordeste
2105963;Lagoa Grande do Maranhão;MA;Nordeste
2105989;Lajeado Novo;MA;Nordeste
2106003;Lima Campos;MA;Nordeste
2106102;Loreto;MA;Nordeste
2106201;Luís Domingues;MA;Nordeste
2106300;Magalhães de Almeida;MA;Nordeste
2106326;Maracaçumé;MA;Nordeste
2106359;Marajá do Sena;MA;Nordeste
2106375;Maranhãozinho;MA;Nordeste
2106409;Mata Roma;MA;Nordeste
2106508;Matinha;MA;Nordeste
2106607;Matões;MA;Nordeste
2106631;Matões do Norte;MA;Nordeste
2106672;Milagres do Maranhão;MA;Nordeste
2106706;Mirador;MA;Nordeste
2106755;Miranda do Norte;MA;Nordeste
2106805;Mirinzal;MA;Nordeste
2106904;Monção;MA;Nordeste
2107001;Montes Altos;MA;Nordeste
2107100;Morros;MA;Nordeste
2107209;Nina Rodrigues;MA;Nordeste
2107258;Nova Colinas;MA;Nordeste
2107308;Nova Iorque;MA;Nordeste
2107357;Nova Olinda do Maranhão;MA;Nordeste
2107407;Olho d'Água das Cunhãs;MA;Nordeste
2107456;Olinda Nova do Maranhão;MA;Nordeste
2107506;Paço do Lumiar;MA;Nordeste
2107605;Palmeirândia;MA;Nordeste
2107704;Paraibano;MA;Nordeste
2107803;Parnarama;MA;Nordeste
2107902;Passagem Franca;MA;Nordeste
2108009;Pastos Bons;MA;Nordeste
2108058;Paulino Neves;MA;Nordeste
2108108;Paulo Ramos;MA;Nordeste
2108207;Pedreiras;MA;Nordeste
2108256;Pedro do Rosário;MA;Nordeste
2108306;Penalva;MA;Nordeste
2108405;Peri Mirim;MA;Nordeste
2108454;Peritoró;MA;Nordeste
2108504;Pindaré-Mirim;MA;Nordeste
2108603;Pinheiro;MA;Nordeste
2108702;Pio XII;MA;Nordeste
2108801;Pirapemas;MA;Nordeste
2108900;Poção de Pedras;MA;Nordeste
2109007;Porto Franco;MA;Nordeste
2109056;Porto Rico do Maranhão;MA;Nordeste
2109106;Presidente Dutra;MA;Nordeste
2109205;Presidente Juscelino;MA;Nordeste
2109239;Presidente Médici;MA;Nordeste
2109270;Presidente Sarney;MA;Nordeste
2109304;Presidente Vargas;MA;Nordeste
2109403;Primeira Cruz;MA;Nordeste
2109452;Raposa;MA;Nordeste
2109502;Riachão;MA;Nordeste
2109551;Ribamar Fiquene;MA;Nordeste
2109601;Rosário;MA;Nordeste
2109700;Sambaíba;MA;Nordeste
2109759;Santa Filomena do Maranhão;MA;Nordeste
2109809;Santa Helena;MA;Nordeste
2109908;Santa Inês;MA;Nordeste
2110005;Santa Luzia;MA;Nordeste
2110039;Santa Luzia do Paruá;MA;Nordeste
2110104;Santa Quitéria do Maranhão;MA;Nordeste
2110203;Santa Rita;MA;Nordeste
2110237;Santana do Maranhão;MA;Nordeste
2110278;Santo Amaro do Maranhão;MA;Nordeste
2110302;Santo Antônio dos Lopes;MA;Nordeste
2110401;São Benedito do Rio Preto;MA;Nordeste
2110500;São Bento;MA;Nordeste
2110609;São Bernardo;MA;Nordeste
2110658;São Domingos do Azeitão;MA;Nordeste
2110708;São Domingos do Maranhão;MA;Nordeste
2110807;São Félix de Balsas;MA;Nordeste
2110856;São Francisco do Brejão;MA;Nordeste
2110906;São Francisco do Maranhão;MA;Nordeste
2111003;São João Batista;MA;Nordeste
2111029;São João do Carú;MA;Nordeste
2111052;São João do Paraíso;MA;Nordeste
2111078;São João do Soter;MA;Nordeste
2111102;São João dos Patos;MA;Nordeste
2111201;São José de Ribamar;MA;Nordeste
2111250;São José dos Basílios;MA;Nordeste
2111409;São Luís Gonzaga do Maranhão;MA;Nordeste
2111508;São Mateus do Maranhão;MA;Nordeste
2111532;São Pedro da Água Branca;MA;Nordeste
2111573;São Pedro dos Crentes;MA;Nordeste
2111607;São Raimundo das Mangabeiras;MA;Nordeste
2111631;São Raimundo do Doca Bezerra;MA;Nordeste
2111672;São Roberto;MA;Nordeste
2111706;São Vicente Ferrer;MA;Nordeste
2111722;Satubinha;MA;Nordeste
2111748;Senador Alexandre Costa;MA;Nordeste
2111763;Senador La Rocque;MA;Nordeste
2111789;Serrano do Maranhão;MA;Nordeste
2111805;Sítio Novo;MA;Nordeste
2111904;Sucupira do Norte;MA;Nordeste
2111953;Sucupira do Riachão;MA;Nordeste
2112001;Tasso Fragoso;MA;Nordeste
2112100;Timbiras;MA;Nordeste
2112209;Timon;MA;Nordeste
2112233;Trizidela do Vale;MA;Nordeste
2112274;Tufilândia;MA;Nordeste
2112308;Tuntum;MA;Nordeste
2112407;Turiaçu;MA;Nordeste
2112456;Turilândia;MA;Nordeste
2112506;Tutóia;MA;Nordeste
2112605;Urbano Santos;MA;Nordeste
2112704;Vargem Grande;MA;Nordeste
2112803;Viana;MA;Nordeste
2112852;Vila Nova dos Martírios;MA;Nordeste
2112902;Vitória do Mearim;MA;Nordeste
2113009;Vitorino Freire;MA;Nordeste
2114007;Zé Doca;MA;Nordeste
3100500;Açucena;MG;Sudeste
3100609;Água Boa;MG;Sudeste
3100906;Águas Formosas;MG;Sudeste
3101003;Águas Vermelhas;MG;Sudeste
3101102;Aimorés;MG;Sudeste
3101706;Almenara;MG;Sudeste
3101805;Alpercata;MG;Sudeste
3103405;Araçuaí;MG;Sudeste
3104502;Arinos;MG;Sudeste
3105202;Bandeira;MG;Sudeste
3106507;Berilo;MG;Sudeste
3106655;Berizal;MG;Sudeste
3107307;Bocaiúva;MG;Sudeste
3107505;Bom Jardim de Minas;MG;Sudeste
3108206;Bonfinópolis de Minas;MG;Sudeste
3108255;Bonito de Minas;MG;Sudeste
3108503;Botumirim;MG;Sudeste
3108602;Brasília de Minas;MG;Sudeste
3108800;Braúnas;MG;Sudeste
3109204;Buenópolis;MG;Sudeste
3109402;Buritizeiro;MG;Sudeste
3102704;Cachoeira de Pajeú;MG;Sudeste
3111150;Campo Azul;MG;Sudeste
3112059;Cantagalo;MG;Sudeste
3112307;Capelinha;MG;Sudeste
3113701;Carlos Chagas;MG;Sudeste
3113800;Carmésia;MG;Sudeste
3115458;Catuji;MG;Sudeste
3116159;Chapada Gaúcha;MG;Sudeste
3116506;Claro dos Poções;MG;Sudeste
3117009;Comercinho;MG;Sudeste
3117836;Cônego Marinho;MG;Sudeste
3118403;Conselheiro Pena;MG;Sudeste
3118809;Coração de Jesus;MG;Sudeste
3119500;Coronel Murta;MG;Sudeste
3120102;Couto de Magalhães de Minas;MG;Sudeste
3120300;Cristália;MG;Sudeste
3120870;Curral de Dentro;MG;Sudeste
3121001;Datas;MG;Sudeste
3121605;Diamantina;MG;Sudeste
3122108;Divino das Laranjeiras;MG;Sudeste
3122207;Divinolândia de Minas;MG;Sudeste
3122355;Divisa Alegre;MG;Sudeste
3122454;Divisópolis;MG;Sudeste
3124302;Espinosa;MG;Sudeste
3125408;Felício dos Santos;MG;Sudeste
3125606;Felisburgo;MG;Sudeste
3126604;Francisco Dumont;MG;Sudeste
3126703;Francisco Sá;MG;Sudeste
3126752;Franciscópolis;MG;Sudeste
3126901;Frei Inocêncio;MG;Sudeste
3127073;Fruta de Leite;MG;Sudeste
3127503;Gonzaga;MG;Sudeste
3127701;Governador Valadares;MG;Sudeste
3127800;Grão Mogol;MG;Sudeste
3106206;Guanhães;MG;Sudeste
3128253;Guaraciama;MG;Sudeste
3129608;Ibiaí;MG;Sudeste
3130903;Inhapim;MG;Sudeste
3131802;Itabirinha;MG;Sudeste
3132008;Itacambira;MG;Sudeste
3132107;Itacarambi;MG;Sudeste
3132305;Itaipé;MG;Sudeste
3132503;Itamarandiba;MG;Sudeste
3133204;Itanhomi;MG;Sudeste
3133303;Itaobim;MG;Sudeste
3135050;Jaíba;MG;Sudeste
3135076;Jampruca;MG;Sudeste
3135100;Janaúba;MG;Sudeste
3135209;Januária;MG;Sudeste
3135456;Jenipapo de Minas;MG;Sudeste
3135605;Jequitaí;MG;Sudeste
3135803;Jequitinhonha;MG;Sudeste
3136009;Joaíma;MG;Sudeste
3136504;Jordânia;MG;Sudeste
3136520;José Gonçalves de Minas;MG;Sudeste
3136579;Josenópolis;MG;Sudeste
3136801;Juramento;MG;Sudeste
3136959;Juvenília;MG;Sudeste
3138104;Lassance;MG;Sudeste
3138351;Leme do Prado;MG;Sudeste
3138906;Machacalis;MG;Sudeste
3139201;Malacacheta;MG;Sudeste
3139250;Mamonas;MG;Sudeste
3139300;Manga;MG;Sudeste
3139607;Mantena;MG;Sudeste
3140852;Matias Cardoso;MG;Sudeste
3141405;Medina;MG;Sudeste
3141504;Mendes Pimentel;MG;Sudeste
3141801;Minas Novas;MG;Sudeste
3142007;Mirabela;MG;Sudeste
3142254;Miravânia;MG;Sudeste
3142700;Montalvânia;MG;Sudeste
3142908;Monte Azul;MG;Sudeste
3143302;Montes Claros;MG;Sudeste
3144003;Mutum;MG;Sudeste
3144300;Nanuque;MG;Sudeste
3144656;Ninheira;MG;Sudeste
3145059;Nova Porteirinha;MG;Sudeste
3145307;Novo Cruzeiro;MG;Sudeste
3145356;Novo Oriente de Minas;MG;Sudeste
3145455;Olhos-d'Água;MG;Sudeste
3146206;Ouro Verde de Minas;MG;Sudeste
3146255;Padre Carvalho;MG;Sudeste
3146552;Pai Pedro;MG;Sudeste
3147956;Patis;MG;Sudeste
3148608;Peçanha;MG;Sudeste
3148707;Pedra Azul;MG;Sudeste
3149150;Pedras de Maria da Cruz;MG;Sudeste
3151206;Pirapora;MG;Sudeste
3152170;Ponto dos Volantes;MG;Sudeste
3154457;Riachinho;MG;Sudeste
3155603;Rio Pardo de Minas;MG;Sudeste
3156502;Rubelita;MG;Sudeste
3156601;Rubim;MG;Sudeste
3156809;Sabinópolis;MG;Sudeste
3157005;Salinas;MG;Sudeste
3157609;Santa Fé de Minas;MG;Sudeste
3157658;Santa Helena de Minas;MG;Sudeste
3157807;Santa Luzia;MG;Sudeste
3160306;Santo Antônio do Jacinto;MG;Sudeste
3160454;Santo Antônio do Retiro;MG;Sudeste
3161106;São Francisco;MG;Sudeste
3161650;São Geraldo do Baixio;MG;Sudeste
3161700;São Gonçalo do Abaeté;MG;Sudeste
3125507;São Gonçalo do Rio Preto;MG;Sudeste
3162252;São João da Lagoa;MG;Sudeste
3162401;São João da Ponte;MG;Sudeste
3162658;São João do Pacuí;MG;Sudeste
3162708;São João do Paraíso;MG;Sudeste
3162807;São João Evangelista;MG;Sudeste
3163508;São José do Jacuri;MG;Sudeste
3164100;São Pedro do Suaçuí;MG;Sudeste
3164209;São Romão;MG;Sudeste
3165503;Sardoá;MG;Sudeste
3165909;Senador Modestino Gonçalves;MG;Sudeste
3166709;Serra dos Aimorés;MG;Sudeste
3166956;Serranópolis de Minas;MG;Sudeste
3168002;Taiobeiras;MG;Sudeste
3168051;Taparuba;MG;Sudeste
3168606;Teófilo Otoni;MG;Sudeste
3169703;Turmalina;MG;Sudeste
3170008;Ubaí;MG;Sudeste
3170057;Ubaporanga;MG;Sudeste
3170305;Umburatiba;MG;Sudeste
3170479;Uruana de Minas;MG;Sudeste
3170529;Urucuia;MG;Sudeste
3170800;Várzea da Palma;MG;Sudeste
3170909;Varzelândia;MG;Sudeste
3171030;Verdelândia;MG;Sudeste
3171600;Virgem da Lapa;MG;Sudeste
3171808;Virginópolis;MG;Sudeste
5100102;Acorizal;MT;Centro-Oeste
5100201;Água Boa;MT;Centro-Oeste
5100250;Alta Floresta;MT;Centro-Oeste
5100300;Alto Araguaia;MT;Centro-Oeste
5100359;Alto Boa Vista;MT;Centro-Oeste
5100409;Alto Garças;MT;Centro-Oeste
5100508;Alto Paraguai;MT;Centro-Oeste
5100607;Alto Taquari;MT;Centro-Oeste
5101001;Araguaiana;MT;Centro-Oeste
5101209;Araguainha;MT;Centro-Oeste
5101258;Araputanga;MT;Centro-Oeste
5101308;Arenápolis;MT;Centro-Oeste
5101407;Aripuanã;MT;Centro-Oeste
5101605;Barão de Melgaço;MT;Centro-Oeste
5101704;Barra do Bugres;MT;Centro-Oeste
5101803;Barra do Garças;MT;Centro-Oeste
5101852;Bom Jesus do Araguaia;MT;Centro-Oeste
5102504;Cáceres;MT;Centro-Oeste
5102603;Campinápolis;MT;Centro-Oeste
5102637;Campo Novo do Parecis;MT;Centro-Oeste
5102678;Campo Verde;MT;Centro-Oeste
5102686;Campos de Júlio;MT;Centro-Oeste
5102694;Canabrava do Norte;MT;Centro-Oeste
5102850;Castanheira;MT;Centro-Oeste
5103007;Chapada dos Guimarães;MT;Centro-Oeste
5103254;Colniza;MT;Centro-Oeste
5103353;Confresa;MT;Centro-Oeste
5103361;Conquista D'Oeste;MT;Centro-Oeste
5103403;Cuiabá;MT;Centro-Oeste
5103502;Diamantino;MT;Centro-Oeste
5103601;Dom Aquino;MT;Centro-Oeste
5103809;Figueirópolis D'Oeste;MT;Centro-Oeste
5103858;Gaúcha do Norte;MT;Centro-Oeste
5103957;Glória D'Oeste;MT;Centro-Oeste
5104104;Guarantã do Norte;MT;Centro-Oeste
5104203;Guiratinga;MT;Centro-Oeste
5104542;Itanhangá;MT;Centro-Oeste
5104559;Itaúba;MT;Centro-Oeste
5104609;Itiquira;MT;Centro-Oeste
5104807;Jaciara;MT;Centro-Oeste
5105002;Jauru;MT;Centro-Oeste
5105101;Juara;MT;Centro-Oeste
5105150;Juína;MT;Centro-Oeste
5105176;Juruena;MT;Centro-Oeste
5105200;Juscimeira;MT;Centro-Oeste
5105234;Lambari D'Oeste;MT;Centro-Oeste
5105259;Lucas do Rio Verde;MT;Centro-Oeste
5105309;Luciara;MT;Centro-Oeste
5105580;Marcelândia;MT;Centro-Oeste
5105606;Matupá;MT;Centro-Oeste
5105622;Mirassol d'Oeste;MT;Centro-Oeste
5105903;Nobres;MT;Centro-Oeste
5106000;Nortelândia;MT;Centro-Oeste
5106109;Nossa Senhora do Livramento;MT;Centro-Oeste
5106158;Nova Bandeirantes;MT;Centro-Oeste
5106208;Nova Brasilândia;MT;Centro-Oeste
5106216;Nova Canaã do Norte;MT;Centro-Oeste
5108808;Nova Guarita;MT;Centro-Oeste
5106182;Nova Lacerda;MT;Centro-Oeste
5108857;Nova Marilândia;MT;Centro-Oeste
5108956;Nova Monte Verde;MT;Centro-Oeste
5106174;Nova Nazaré;MT;Centro-Oeste
5106232;Nova Olímpia;MT;Centro-Oeste
5106190;Nova Santa Helena;MT;Centro-Oeste
5106240;Nova Ubiratã;MT;Centro-Oeste
5106257;Nova Xavantina;MT;Centro-Oeste
5106265;Novo Mundo;MT;Centro-Oeste
5106315;Novo Santo Antônio;MT;Centro-Oeste
5106281;Novo São Joaquim;MT;Centro-Oeste
5106299;Paranaíta;MT;Centro-Oeste
5106307;Paranatinga;MT;Centro-Oeste
5106372;Pedra Preta;MT;Centro-Oeste
5106422;Peixoto de Azevedo;MT;Centro-Oeste
5106455;Planalto da Serra;MT;Centro-Oeste
5106505;Poconé;MT;Centro-Oeste
5106653;Pontal do Araguaia;MT;Centro-Oeste
5106778;Porto Alegre do Norte;MT;Centro-Oeste
5106851;Porto Estrela;MT;Centro-Oeste
5107008;Poxoréu;MT;Centro-Oeste
5107040;Primavera do Leste;MT;Centro-Oeste
5107065;Querência;MT;Centro-Oeste
5107156;Reserva do Cabaçal;MT;Centro-Oeste
5107198;Ribeirãozinho;MT;Centro-Oeste
5107206;Rio Branco;MT;Centro-Oeste
5107578;Rondolândia;MT;Centro-Oeste
5107602;Rondonópolis;MT;Centro-Oeste
5107701;Rosário Oeste;MT;Centro-Oeste
5107750;Salto do Céu;MT;Centro-Oeste
5107248;Santa Carmem;MT;Centro-Oeste
5107743;Santa Cruz do Xingu;MT;Centro-Oeste
5107768;Santa Rita do Trivelato;MT;Centro-Oeste
5107776;Santa Terezinha;MT;Centro-Oeste
5107263;Santo Afonso;MT;Centro-Oeste
5107800;Santo Antônio de Leverger;MT;Centro-Oeste
5107792;Santo Antônio do Leste;MT;Centro-Oeste
5107859;São Félix do Araguaia;MT;Centro-Oeste
5107297;São José do Povo;MT;Centro-Oeste
5107354;São José do Xingu;MT;Centro-Oeste
5107107;São José dos Quatro Marcos;MT;Centro-Oeste
5107404;São Pedro da Cipa;MT;Centro-Oeste
5107875;Sapezal;MT;Centro-Oeste
5107883;Serra Nova Dourada;MT;Centro-Oeste
5107909;Sinop;MT;Centro-Oeste
5107925;Sorriso;MT;Centro-Oeste
5107958;Tangará da Serra;MT;Centro-Oeste
5108006;Tapurah;MT;Centro-Oeste
5108055;Terra Nova do Norte;MT;Centro-Oeste
5108204;Torixoréu;MT;Centro-Oeste
5108303;União do Sul;MT;Centro-Oeste
5108352;Vale de São Domingos;MT;Centro-Oeste
5108402;Várzea Grande;MT;Centro-Oeste
5105507;Vila Bela da Santíssima Trindade;MT;Centro-Oeste
5108600;Vila Rica;MT;Centro-Oeste
1500107;Abaetetuba;PA;Norte
1500131;Abel Figueiredo;PA;Norte
1500206;Acará;PA;Norte
1500305;Afuá;PA;Norte
1500347;Água Azul do Norte;PA;Norte
1500404;Alenquer;PA;Norte
1500503;Almeirim;PA;Norte
1500602;Altamira;PA;Norte
1500701;Anajás;PA;Norte
1500800;Ananindeua;PA;Norte
1500859;Anapu;PA;Norte
1500909;Augusto Corrêa;PA;Norte
1500958;Aurora do Pará;PA;Norte
1501006;Aveiro;PA;Norte
1501105;Bagre;PA;Norte
1501204;Baião;PA;Norte
1501253;Bannach;PA;Norte
1501303;Barcarena;PA;Norte
1501451;Belterra;PA;Norte
1501501;Benevides;PA;Norte
1501576;Bom Jesus do Tocantins;PA;Norte
1501600;Bonito;PA;Norte
1501709;Bragança;PA;Norte
1501725;Brasil Novo;PA;Norte
1501758;Brejo Grande do Araguaia;PA;Norte
1501782;Breu Branco;PA;Norte
1501808;Breves;PA;Norte
1501907;Bujaru;PA;Norte
1502004;Cachoeira do Arari;PA;Norte
1501956;Cachoeira do Piriá;PA;Norte
1502103;Cametá;PA;Norte
1502152;Canaã dos Carajás;PA;Norte
1502202;Capanema;PA;Norte
1502301;Capitão Poço;PA;Norte
1502400;Castanhal;PA;Norte
1502509;Chaves;PA;Norte
1502608;Colares;PA;Norte
1502707;Conceição do Araguaia;PA;Norte
1502756;Concórdia do Pará;PA;Norte
1502764;Cumaru do Norte;PA;Norte
1502772;Curionópolis;PA;Norte
1502806;Curralinho;PA;Norte
1502855;Curuá;PA;Norte
1502905;Curuçá;PA;Norte
1502939;Dom Eliseu;PA;Norte
1502954;Eldorado do Carajás;PA;Norte
1503002;Faro;PA;Norte
1503044;Floresta do Araguaia;PA;Norte
1503077;Garrafão do Norte;PA;Norte
1503093;Goianésia do Pará;PA;Norte
1503101;Gurupá;PA;Norte
1503200;Igarapé-Açu;PA;Norte
1503309;Igarapé-Miri;PA;Norte
1503408;Inhangapi;PA;Norte
1503457;Ipixuna do Pará;PA;Norte
1503507;Irituia;PA;Norte
1503606;Itaituba;PA;Norte
1503705;Itupiranga;PA;Norte
1503754;Jacareacanga;PA;Norte
1503804;Jacundá;PA;Norte
1503903;Juruti;PA;Norte
1504000;Limoeiro do Ajuru;PA;Norte
1504059;Mãe do Rio;PA;Norte
1504109;Magalhães Barata;PA;Norte
1504208;Marabá;PA;Norte
1504307;Maracanã;PA;Norte
1504406;Marapanim;PA;Norte
1504422;Marituba;PA;Norte
1504455;Medicilândia;PA;Norte
1504505;Melgaço;PA;Norte
1504604;Mocajuba;PA;Norte
1504703;Moju;PA;Norte
1504752;Mojuí dos Campos;PA;Norte
1504802;Monte Alegre;PA;Norte
1504901;Muaná;PA;Norte
1504950;Nova Esperança do Piriá;PA;Norte
1504976;Nova Ipixuna;PA;Norte
1505007;Nova Timboteua;PA;Norte
1505031;Novo Progresso;PA;Norte
1505064;Novo Repartimento;PA;Norte
1505106;Óbidos;PA;Norte
1505205;Oeiras do Pará;PA;Norte
1505304;Oriximiná;PA;Norte
1505403;Ourém;PA;Norte
1505437;Ourilândia do Norte;PA;Norte
1505486;Pacajá;PA;Norte
1505494;Palestina do Pará;PA;Norte
1505502;Paragominas;PA;Norte
1505536;Parauapebas;PA;Norte
1505551;Pau D'Arco;PA;Norte
1505601;Peixe-Boi;PA;Norte
1505635;Piçarra;PA;Norte
1505650;Placas;PA;Norte
1505700;Ponta de Pedras;PA;Norte
1505809;Portel;PA;Norte
1505908;Porto de Moz;PA;Norte
1506005;Prainha;PA;Norte
1506104;Primavera;PA;Norte
1506112;Quatipuru;PA;Norte
1506138;Redenção;PA;Norte
1506161;Rio Maria;PA;Norte
1506187;Rondon do Pará;PA;Norte
1506195;Rurópolis;PA;Norte
1506203;Salinópolis;PA;Norte
1506302;Salvaterra;PA;Norte
1506351;Santa Bárbara do Pará;PA;Norte
1506401;Santa Cruz do Arari;PA;Norte
1506500;Santa Izabel do Pará;PA;Norte
1506559;Santa Luzia do Pará;PA;Norte
1506583;Santa Maria das Barreiras;PA;Norte
1506609;Santa Maria do Pará;PA;Norte
1506708;Santana do Araguaia;PA;Norte
1506807;Santarém;PA;Norte
1506906;Santarém Novo;PA;Norte
1507003;Santo Antônio do Tauá;PA;Norte
1507102;São Caetano de Odivelas;PA;Norte
1507151;São Domingos do Araguaia;PA;Norte
1507201;São Domingos do Capim;PA;Norte
1507300;São Félix do Xingu;PA;Norte
1507409;São Francisco do Pará;PA;Norte
1507458;São Geraldo do Araguaia;PA;Norte
1507466;São João da Ponta;PA;Norte
1507474;São João de Pirabas;PA;Norte
1507508;São João do Araguaia;PA;Norte
1507607;São Miguel do Guamá;PA;Norte
1507706;São Sebastião da Boa Vista;PA;Norte
1507755;Sapucaia;PA;Norte
1507805;Senador José Porfírio;PA;Norte
1507904;Soure;PA;Norte
1507953;Tailândia;PA;Norte
1507961;Terra Alta;PA;Norte
1507979;Terra Santa;PA;Norte
1508001;Tomé-Açu;PA;Norte
1508035;Tracuateua;PA;Norte
1508050;Trairão;PA;Norte
1508084;Tucumã;PA;Norte
1508100;Tucuruí;PA;Norte
1508126;Ulianópolis;PA;Norte
1508159;Uruará;PA;Norte
1508209;Vigia;PA;Norte
1508308;Viseu;PA;Norte
1508357;Vitória do Xingu;PA;Norte
1508407;Xinguara;PA;Norte
2500106;Água Branca;PB;Nordeste
2500304;Alagoa Grande;PB;Nordeste
2500403;Alagoa Nova;PB;Nordeste
2500502;Alagoinha;PB;Nordeste
2500536;Alcantil;PB;Nordeste
2500577;Algodão de Jandaíra;PB;Nordeste
2500601;Alhandra;PB;Nordeste
2500734;Amparo;PB;Nordeste
2500775;Aparecida;PB;Nordeste
2500908;Arara;PB;Nordeste
2501005;Araruna;PB;Nordeste
2501104;Areia;PB;Nordeste
2501153;Areia de Baraúnas;PB;Nordeste
2501203;Areial;PB;Nordeste
2501302;Aroeiras;PB;Nordeste
2501351;Assunção;PB;Nordeste
2501401;Baía da Traição;PB;Nordeste
2501500;Bananeiras;PB;Nordeste
2501534;Baraúna;PB;Nordeste
2501609;Barra de Santa Rosa;PB;Nordeste
2501575;Barra de Santana;PB;Nordeste
2501708;Barra de São Miguel;PB;Nordeste
2501807;Bayeux;PB;Nordeste
2502003;Belém do Brejo do Cruz;PB;Nordeste
2502052;Bernardino Batista;PB;Nordeste
2502102;Boa Ventura;PB;Nordeste
2502151;Boa Vista;PB;Nordeste
2502201;Bom Jesus;PB;Nordeste
2502409;Bonito de Santa Fé;PB;Nordeste
2502508;Boqueirão;PB;Nordeste
2502706;Borborema;PB;Nordeste
2502805;Brejo do Cruz;PB;Nordeste
2502904;Brejo dos Santos;PB;Nordeste
2503001;Caaporã;PB;Nordeste
2503100;Cabaceiras;PB;Nordeste
2503209;Cabedelo;PB;Nordeste
2503308;Cachoeira dos Índios;PB;Nordeste
2503407;Cacimba de Areia;PB;Nordeste
2503506;Cacimba de Dentro;PB;Nordeste
2503555;Cacimbas;PB;Nordeste
2503605;Caiçara;PB;Nordeste
2503704;Cajazeiras;PB;Nordeste
2503753;Cajazeirinhas;PB;Nordeste
2503803;Caldas Brandão;PB;Nordeste
2503902;Camalaú;PB;Nordeste
2504009;Campina Grande;PB;Nordeste
2504033;Capim;PB;Nordeste
2504074;Caraúbas;PB;Nordeste
2504108;Carrapateira;PB;Nordeste
2504157;Casserengue;PB;Nordeste
2504207;Catingueira;PB;Nordeste
2504306;Catolé do Rocha;PB;Nordeste
2504355;Caturité;PB;Nordeste
2504405;Conceição;PB;Nordeste
2504504;Condado;PB;Nordeste
2504603;Conde;PB;Nordeste
2504702;Congo;PB;Nordeste
2504801;Coremas;PB;Nordeste
2504850;Coxixola;PB;Nordeste
2504900;Cruz do Espírito Santo;PB;Nordeste
2505006;Cubati;PB;Nordeste
2505105;Cuité;PB;Nordeste
2505238;Cuité de Mamanguape;PB;Nordeste
2505279;Curral de Cima;PB;Nordeste
2505303;Curral Velho;PB;Nordeste
2505352;Damião;PB;Nordeste
2505402;Desterro;PB;Nordeste
2505600;Diamante;PB;Nordeste
2505709;Dona Inês;PB;Nordeste
2505808;Duas Estradas;PB;Nordeste
2505907;Emas;PB;Nordeste
2506004;Esperança;PB;Nordeste
2506103;Fagundes;PB;Nordeste
2506202;Frei Martinho;PB;Nordeste
2506251;Gado Bravo;PB;Nordeste
2506301;Guarabira;PB;Nordeste
2506400;Gurinhém;PB;Nordeste
2506509;Gurjão;PB;Nordeste
2506608;Ibiara;PB;Nordeste
2502607;Igaracy;PB;Nordeste
2506707;Imaculada;PB;Nordeste
2506806;Ingá;PB;Nordeste
2506905;Itabaiana;PB;Nordeste
2507002;Itaporanga;PB;Nordeste
2507101;Itapororoca;PB;Nordeste
2507200;Itatuba;PB;Nordeste
2507309;Jacaraú;PB;Nordeste
2507408;Jericó;PB;Nordeste
2513653;Joca Claudino;PB;Nordeste
2507705;Juazeirinho;PB;Nordeste
2507804;Junco do Seridó;PB;Nordeste
2507903;Juripiranga;PB;Nordeste
2508000;Juru;PB;Nordeste
2508109;Lagoa;PB;Nordeste
2508208;Lagoa de Dentro;PB;Nordeste
2508307;Lagoa Seca;PB;Nordeste
2508406;Lastro;PB;Nordeste
2508505;Livramento;PB;Nordeste
2508554;Logradouro;PB;Nordeste
2508604;Lucena;PB;Nordeste
2508703;Mãe d'Água;PB;Nordeste
2508802;Malta;PB;Nordeste
2508901;Mamanguape;PB;Nordeste
2509008;Manaíra;PB;Nordeste
2509057;Marcação;PB;Nordeste
2509107;Mari;PB;Nordeste
2509156;Marizópolis;PB;Nordeste
2509206;Massaranduba;PB;Nordeste
2509305;Mataraca;PB;Nordeste
2509339;Matinhas;PB;Nordeste
2509370;Mato Grosso;PB;Nordeste
2509396;Maturéia;PB;Nordeste
2509404;Mogeiro;PB;Nordeste
2509503;Montadas;PB;Nordeste
2509602;Monte Horebe;PB;Nordeste
2509701;Monteiro;PB;Nordeste
2509800;Mulungu;PB;Nordeste
2509909;Natuba;PB;Nordeste
2510006;Nazarezinho;PB;Nordeste
2510105;Nova Floresta;PB;Nordeste
2510303;Nova Palmeira;PB;Nordeste
2510402;Olho d'Água;PB;Nordeste
2510501;Olivedos;PB;Nordeste
2510600;Ouro Velho;PB;Nordeste
2510659;Parari;PB;Nordeste
2510709;Passagem;PB;Nordeste
2510808;Patos;PB;Nordeste
2510907;Paulista;PB;Nordeste
2511004;Pedra Branca;PB;Nordeste
2511103;Pedra Lavrada;PB;Nordeste
2511202;Pedras de Fogo;PB;Nordeste
2512721;Pedro Régis;PB;Nordeste
2511400;Picuí;PB;Nordeste
2511509;Pilar;PB;Nordeste
2511608;Pilões;PB;Nordeste
2511707;Pilõezinhos;PB;Nordeste
2511806;Pirpirituba;PB;Nordeste
2511905;Pitimbu;PB;Nordeste
2512002;Pocinhos;PB;Nordeste
2512036;Poço Dantas;PB;Nordeste
2512077;Poço de José de Moura;PB;Nordeste
2512101;Pombal;PB;Nordeste
2512200;Prata;PB;Nordeste
2512309;Princesa Isabel;PB;Nordeste
2512408;Puxinanã;PB;Nordeste
2512507;Queimadas;PB;Nordeste
2512606;Quixaba;PB;Nordeste
2512705;Remígio;PB;Nordeste
2512747;Riachão;PB;Nordeste
2512754;Riachão do Bacamarte;PB;Nordeste
2512762;Riachão do Poço;PB;Nordeste
2512788;Riacho de Santo Antônio;PB;Nordeste
2512804;Riacho dos Cavalos;PB;Nordeste
2512903;Rio Tinto;PB;Nordeste
2513000;Salgadinho;PB;Nordeste
2513109;Salgado de São Félix;PB;Nordeste
2513158;Santa Cecília;PB;Nordeste
2513208;Santa Cruz;PB;Nordeste
2513307;Santa Helena;PB;Nordeste
2513356;Santa Inês;PB;Nordeste
2513406;Santa Luzia;PB;Nordeste
2513703;Santa Rita;PB;Nordeste
2513802;Santa Teresinha;PB;Nordeste
2513505;Santana de Mangueira;PB;Nordeste
2513604;Santana dos Garrotes;PB;Nordeste
2513851;Santo André;PB;Nordeste
2513927;São Bentinho;PB;Nordeste
2513901;São Bento;PB;Nordeste
2513968;São Domingos;PB;Nordeste
2513984;São Francisco;PB;Nordeste
2514008;São João do Cariri;PB;Nordeste
2500700;São João do Rio do Peixe;PB;Nordeste
2514107;São João do Tigre;PB;Nordeste
2514206;São José da Lagoa Tapada;PB;Nordeste
2514305;São José de Caiana;PB;Nordeste
2514404;São José de Espinharas;PB;Nordeste
2514503;São José de Piranhas;PB;Nordeste
2514552;São José de Princesa;PB;Nordeste
2514602;São José do Bonfim;PB;Nordeste
2514651;São José do Brejo do Cruz;PB;Nordeste
2514701;São José do Sabugi;PB;Nordeste
2514800;São José dos Cordeiros;PB;Nordeste
2514453;São José dos Ramos;PB;Nordeste
2514909;São Mamede;PB;Nordeste
2515005;São Miguel de Taipu;PB;Nordeste
2515104;São Sebastião de Lagoa de Roça;PB;Nordeste
2515203;São Sebastião do Umbuzeiro;PB;Nordeste
2515401;São Vicente do Seridó;PB;Nordeste
2515302;Sapé;PB;Nordeste
2515500;Serra Branca;PB;Nordeste
2515609;Serra da Raiz;PB;Nordeste
2515708;Serra Grande;PB;Nordeste
2515807;Serra Redonda;PB;Nordeste
2515906;Serraria;PB;Nordeste
2515930;Sertãozinho;PB;Nordeste
2515971;Sobrado;PB;Nordeste
2516003;Solânea;PB;Nordeste
2516102;Soledade;PB;Nordeste
2516151;Sossêgo;PB;Nordeste
2516201;Sousa;PB;Nordeste
2516300;Sumé;PB;Nordeste
2516508;Taperoá;PB;Nordeste
2516607;Tavares;PB;Nordeste
2516706;Teixeira;PB;Nordeste
2516755;Tenório;PB;Nordeste
2516805;Triunfo;PB;Nordeste
2516904;Uiraúna;PB;Nordeste
2517001;Umbuzeiro;PB;Nordeste
2517100;Várzea;PB;Nordeste
2517209;Vieirópolis;PB;Nordeste
2505501;Vista Serrana;PB;Nordeste
2517407;Zabelê;PB;Nordeste
2600104;Afogados da Ingazeira;PE;Nordeste
2600203;Afrânio;PE;Nordeste
2600302;Agrestina;PE;Nordeste
2600401;Água Preta;PE;Nordeste
2600500;Águas Belas;PE;Nordeste
2600609;Alagoinha;PE;Nordeste
2600708;Aliança;PE;Nordeste
2600807;Altinho;PE;Nordeste
2600906;Amaraji;PE;Nordeste
2601003;Angelim;PE;Nordeste
2601052;Araçoiaba;PE;Nordeste
2601102;Araripina;PE;Nordeste
2601201;Arcoverde;PE;Nordeste
2601607;Belém do São Francisco;PE;Nordeste
2601706;Belo Jardim;PE;Nordeste
2601805;Betânia;PE;Nordeste
2601904;Bezerros;PE;Nordeste
2602100;Bom Conselho;PE;Nordeste
2602209;Bom Jardim;PE;Nordeste
2602308;Bonito;PE;Nordeste
2602407;Brejão;PE;Nordeste
2602506;Brejinho;PE;Nordeste
2602605;Brejo da Madre de Deus;PE;Nordeste
2602704;Buenos Aires;PE;Nordeste
2602803;Buíque;PE;Nordeste
2603009;Cabrobó;PE;Nordeste
2603108;Cachoeirinha;PE;Nordeste
2603306;Calçado;PE;Nordeste
2603405;Calumbi;PE;Nordeste
2603504;Camocim de São Félix;PE;Nordeste
2603603;Camutanga;PE;Nordeste
2603702;Canhotinho;PE;Nordeste
2603801;Capoeiras;PE;Nordeste
2603900;Carnaíba;PE;Nordeste
2603926;Carnaubeira da Penha;PE;Nordeste
2604007;Carpina;PE;Nordeste
2604106;Caruaru;PE;Nordeste
2604155;Casinhas;PE;Nordeste
2604205;Catende;PE;Nordeste
2604304;Cedro;PE;Nordeste
2604403;Chã de Alegria;PE;Nordeste
2604502;Chã Grande;PE;Nordeste
2604601;Condado;PE;Nordeste
2604700;Correntes;PE;Nordeste
2604809;Cortês;PE;Nordeste
2604908;Cumaru;PE;Nordeste
2605004;Cupira;PE;Nordeste
2605103;Custódia;PE;Nordeste
2605152;Dormentes;PE;Nordeste
2605301;Exu;PE;Nordeste
2605400;Feira Nova;PE;Nordeste
2605509;Ferreiros;PE;Nordeste
2605608;Flores;PE;Nordeste
2605707;Floresta;PE;Nordeste
2605806;Frei Miguelinho;PE;Nordeste
2605905;Gameleira;PE;Nordeste
2606002;Garanhuns;PE;Nordeste
2606101;Glória do Goitá;PE;Nordeste
2606309;Granito;PE;Nordeste
2606408;Gravatá;PE;Nordeste
2606507;Iati;PE;Nordeste
2606606;Ibimirim;PE;Nordeste
2606705;Ibirajuba;PE;Nordeste
2607000;Inajá;PE;Nordeste
2607109;Ingazeira;PE;Nordeste
2607307;Ipubi;PE;Nordeste
2607406;Itacuruba;PE;Nordeste
2607505;Itaíba;PE;Nordeste
2607653;Itambé;PE;Nordeste
2607703;Itapetim;PE;Nordeste
2607752;Itapissuma;PE;Nordeste
2607950;Jaqueira;PE;Nordeste
2608008;Jataúba;PE;Nordeste
2608057;Jatobá;PE;Nordeste
2608107;João Alfredo;PE;Nordeste
2608255;Jucati;PE;Nordeste
2608305;Jupi;PE;Nordeste
2608404;Jurema;PE;Nordeste
2608503;Lagoa de Itaenga;PE;Nordeste
2608453;Lagoa do Carro;PE;Nordeste
2608602;Lagoa do Ouro;PE;Nordeste
2608701;Lagoa dos Gatos;PE;Nordeste
2608750;Lagoa Grande;PE;Nordeste
2608800;Lajedo;PE;Nordeste
2608909;Limoeiro;PE;Nordeste
2609006;Macaparana;PE;Nordeste
2609105;Machados;PE;Nordeste
2609154;Manari;PE;Nordeste
2609303;Mirandiba;PE;Nordeste
2609501;Nazaré da Mata;PE;Nordeste
2609709;Orobó;PE;Nordeste
2609808;Orocó;PE;Nordeste
2609907;Ouricuri;PE;Nordeste
2610103;Palmeirina;PE;Nordeste
2610202;Panelas;PE;Nordeste
2610301;Paranatama;PE;Nordeste
2610400;Parnamirim;PE;Nordeste
2610509;Passira;PE;Nordeste
2610608;Paudalho;PE;Nordeste
2610806;Pedra;PE;Nordeste
2610905;Pesqueira;PE;Nordeste
2611002;Petrolândia;PE;Nordeste
2611101;Petrolina;PE;Nordeste
2611200;Poção;PE;Nordeste
2611309;Pombos;PE;Nordeste
2611507;Quipapá;PE;Nordeste
2611533;Quixaba;PE;Nordeste
2611705;Riacho das Almas;PE;Nordeste
2612000;Sairé;PE;Nordeste
2612109;Salgadinho;PE;Nordeste
2612208;Salgueiro;PE;Nordeste
2612307;Saloá;PE;Nordeste
2612406;Sanharó;PE;Nordeste
2612455;Santa Cruz;PE;Nordeste
2612471;Santa Cruz da Baixa Verde;PE;Nordeste
2612505;Santa Cruz do Capibaribe;PE;Nordeste
2612554;Santa Filomena;PE;Nordeste
2612604;Santa Maria da Boa Vista;PE;Nordeste
2612703;Santa Maria do Cambucá;PE;Nordeste
2612802;Santa Terezinha;PE;Nordeste
2613008;São Bento do Una;PE;Nordeste
2613107;São Caitano;PE;Nordeste
2613206;São João;PE;Nordeste
2613305;São Joaquim do Monte;PE;Nordeste
2613404;São José da Coroa Grande;PE;Nordeste
2613503;São José do Belmonte;PE;Nordeste
2613602;São José do Egito;PE;Nordeste
2613800;São Vicente Férrer;PE;Nordeste
2613909;Serra Talhada;PE;Nordeste
2614006;Serrita;PE;Nordeste
2614105;Sertânia;PE;Nordeste
2614204;Sirinhaém;PE;Nordeste
2614402;Solidão;PE;Nordeste
2614501;Surubim;PE;Nordeste
2614600;Tabira;PE;Nordeste
2614709;Tacaimbó;PE;Nordeste
2614808;Tacaratu;PE;Nordeste
2615003;Taquaritinga do Norte;PE;Nordeste
2615102;Terezinha;PE;Nordeste
2615300;Timbaúba;PE;Nordeste
2615409;Toritama;PE;Nordeste
2615508;Tracunhaém;PE;Nordeste
2615607;Trindade;PE;Nordeste
2615706;Triunfo;PE;Nordeste
2615805;Tupanatinga;PE;Nordeste
2615904;Tuparetama;PE;Nordeste
2616001;Venturosa;PE;Nordeste
2616100;Verdejante;PE;Nordeste
2616183;Vertente do Lério;PE;Nordeste
2616209;Vertentes;PE;Nordeste
2616308;Vicência;PE;Nordeste
2616407;Vitória de Santo Antão;PE;Nordeste
2616506;Xexéu;PE;Nordeste
2200053;Acauã;PI;Nordeste
2200103;Agricolândia;PI;Nordeste
2200202;Água Branca;PI;Nordeste
2200251;Alagoinha do Piauí;PI;Nordeste
2200277;Alegrete do Piauí;PI;Nordeste
2200301;Alto Longá;PI;Nordeste
2200400;Altos;PI;Nordeste
2200459;Alvorada do Gurguéia;PI;Nordeste
2200509;Amarante;PI;Nordeste
2200608;Angical do Piauí;PI;Nordeste
2200707;Anísio de Abreu;PI;Nordeste
2200806;Antônio Almeida;PI;Nordeste
2200905;Aroazes;PI;Nordeste
2200954;Aroeiras do Itaim;PI;Nordeste
2201002;Arraial;PI;Nordeste
2201051;Assunção do Piauí;PI;Nordeste
2201101;Avelino Lopes;PI;Nordeste
2201150;Baixa Grande do Ribeiro;PI;Nordeste
2201176;Barra D'Alcântara;PI;Nordeste
2201200;Barras;PI;Nordeste
2201309;Barreiras do Piauí;PI;Nordeste
2201408;Barro Duro;PI;Nordeste
2201507;Batalha;PI;Nordeste
2201556;Bela Vista do Piauí;PI;Nordeste
2201572;Belém do Piauí;PI;Nordeste
2201606;Beneditinos;PI;Nordeste
2201705;Bertolínia;PI;Nordeste
2201739;Betânia do Piauí;PI;Nordeste
2201770;Boa Hora;PI;Nordeste
2201804;Bocaina;PI;Nordeste
2201903;Bom Jesus;PI;Nordeste
2201919;Bom Princípio do Piauí;PI;Nordeste
2201929;Bonfim do Piauí;PI;Nordeste
2201945;Boqueirão do Piauí;PI;Nordeste
2201960;Brasileira;PI;Nordeste
2201988;Brejo do Piauí;PI;Nordeste
2202000;Buriti dos Lopes;PI;Nordeste
2202026;Buriti dos Montes;PI;Nordeste
2202059;Cabeceiras do Piauí;PI;Nordeste
2202075;Cajazeiras do Piauí;PI;Nordeste
2202083;Cajueiro da Praia;PI;Nordeste
2202091;Caldeirão Grande do Piauí;PI;Nordeste
2202109;Campinas do Piauí;PI;Nordeste
2202117;Campo Alegre do Fidalgo;PI;Nordeste
2202133;Campo Grande do Piauí;PI;Nordeste
2202174;Campo Largo do Piauí;PI;Nordeste
2202208;Campo Maior;PI;Nordeste
2202251;Canavieira;PI;Nordeste
2202307;Canto do Buriti;PI;Nordeste
2202406;Capitão de Campos;PI;Nordeste
2202455;Capitão Gervásio Oliveira;PI;Nordeste
2202505;Caracol;PI;Nordeste
2202539;Caraúbas do Piauí;PI;Nordeste
2202554;Caridade do Piauí;PI;Nordeste
2202604;Castelo do Piauí;PI;Nordeste
2202653;Caxingó;PI;Nordeste
2202703;Cocal;PI;Nordeste
2202711;Cocal de Telha;PI;Nordeste
2202729;Cocal dos Alves;PI;Nordeste
2202737;Coivaras;PI;Nordeste
2202752;Colônia do Gurguéia;PI;Nordeste
2202778;Colônia do Piauí;PI;Nordeste
2202802;Conceição do Canindé;PI;Nordeste
2202851;Coronel José Dias;PI;Nordeste
2202901;Corrente;PI;Nordeste
2203008;Cristalândia do Piauí;PI;Nordeste
2203107;Cristino Castro;PI;Nordeste
2203206;Curimatá;PI;Nordeste
2203230;Currais;PI;Nordeste
2203271;Curral Novo do Piauí;PI;Nordeste
2203255;Curralinhos;PI;Nordeste
2203305;Demerval Lobão;PI;Nordeste
2203354;Dirceu Arcoverde;PI;Nordeste
2203404;Dom Expedito Lopes;PI;Nordeste
2203453;Dom Inocêncio;PI;Nordeste
2203420;Domingos Mourão;PI;Nordeste
2203503;Elesbão Veloso;PI;Nordeste
2203602;Eliseu Martins;PI;Nordeste
2203701;Esperantina;PI;Nordeste
2203750;Fartura do Piauí;PI;Nordeste
2203800;Flores do Piauí;PI;Nordeste
2203859;Floresta do Piauí;PI;Nordeste
2203909;Floriano;PI;Nordeste
2204006;Francinópolis;PI;Nordeste
2204105;Francisco Ayres;PI;Nordeste
2204154;Francisco Macedo;PI;Nordeste
2204204;Francisco Santos;PI;Nordeste
2204303;Fronteiras;PI;Nordeste
2204352;Geminiano;PI;Nordeste
2204402;Gilbués;PI;Nordeste
2204501;Guadalupe;PI;Nordeste
2204550;Guaribas;PI;Nordeste
2204600;Hugo Napoleão;PI;Nordeste
2204659;Ilha Grande;PI;Nordeste
2204709;Inhuma;PI;Nordeste
2204808;Ipiranga do Piauí;PI;Nordeste
2204907;Isaías Coelho;PI;Nordeste
2205003;Itainópolis;PI;Nordeste
2205102;Itaueira;PI;Nordeste
2205151;Jacobina do Piauí;PI;Nordeste
2205201;Jaicós;PI;Nordeste
2205250;Jardim do Mulato;PI;Nordeste
2205276;Jatobá do Piauí;PI;Nordeste
2205300;Jerumenha;PI;Nordeste
2205359;João Costa;PI;Nordeste
2205409;Joaquim Pires;PI;Nordeste
2205458;Joca Marques;PI;Nordeste
2205508;José de Freitas;PI;Nordeste
2205516;Juazeiro do Piauí;PI;Nordeste
2205524;Júlio Borges;PI;Nordeste
2205532;Jurema;PI;Nordeste
2205557;Lagoa Alegre;PI;Nordeste
2205573;Lagoa de São Francisco;PI;Nordeste
2205565;Lagoa do Barro do Piauí;PI;Nordeste
2205581;Lagoa do Piauí;PI;Nordeste
2205599;Lagoa do Sítio;PI;Nordeste
2205540;Lagoinha do Piauí;PI;Nordeste
2205607;Landri Sales;PI;Nordeste
2205706;Luís Correia;PI;Nordeste
2205805;Luzilândia;PI;Nordeste
2205854;Madeiro;PI;Nordeste
2205904;Manoel Emídio;PI;Nordeste
2205953;Marcolândia;PI;Nordeste
2206001;Marcos Parente;PI;Nordeste
2206050;Massapê do Piauí;PI;Nordeste
2206100;Matias Olímpio;PI;Nordeste
2206209;Miguel Alves;PI;Nordeste
2206308;Miguel Leão;PI;Nordeste
2206357;Milton Brandão;PI;Nordeste
2206407;Monsenhor Gil;PI;Nordeste
2206506;Monsenhor Hipólito;PI;Nordeste
2206605;Monte Alegre do Piauí;PI;Nordeste
2206654;Morro Cabeça no Tempo;PI;Nordeste
2206670;Morro do Chapéu do Piauí;PI;Nordeste
2206696;Murici dos Portelas;PI;Nordeste
2206704;Nazaré do Piauí;PI;Nordeste
2206720;Nazária;PI;Nordeste
2206753;Nossa Senhora de Nazaré;PI;Nordeste
2206803;Nossa Senhora dos Remédios;PI;Nordeste
2207959;Nova Santa Rita;PI;Nordeste
2206902;Novo Oriente do Piauí;PI;Nordeste
2206951;Novo Santo Antônio;PI;Nordeste
2207009;Oeiras;PI;Nordeste
2207108;Olho D'Água do Piauí;PI;Nordeste
2207207;Padre Marcos;PI;Nordeste
2207306;Paes Landim;PI;Nordeste
2207355;Pajeú do Piauí;PI;Nordeste
2207405;Palmeira do Piauí;PI;Nordeste
2207504;Palmeirais;PI;Nordeste
2207553;Paquetá;PI;Nordeste
2207603;Parnaguá;PI;Nordeste
2207702;Parnaíba;PI;Nordeste
2207751;Passagem Franca do Piauí;PI;Nordeste
2207777;Patos do Piauí;PI;Nordeste
2207793;Pau D'Arco do Piauí;PI;Nordeste
2207801;Paulistana;PI;Nordeste
2207850;Pavussu;PI;Nordeste
2207900;Pedro II;PI;Nordeste
2207934;Pedro Laurentino;PI;Nordeste
2208007;Picos;PI;Nordeste
2208106;Pimenteiras;PI;Nordeste
2208205;Pio IX;PI;Nordeste
2208304;Piracuruca;PI;Nordeste
2208403;Piripiri;PI;Nordeste
2208502;Porto;PI;Nordeste
2208551;Porto Alegre do Piauí;PI;Nordeste
2208601;Prata do Piauí;PI;Nordeste
2208650;Queimada Nova;PI;Nordeste
2208700;Redenção do Gurguéia;PI;Nordeste
2208809;Regeneração;PI;Nordeste
2208858;Riacho Frio;PI;Nordeste
2208874;Ribeira do Piauí;PI;Nordeste
2208908;Ribeiro Gonçalves;PI;Nordeste
2209005;Rio Grande do Piauí;PI;Nordeste
2209104;Santa Cruz do Piauí;PI;Nordeste
2209153;Santa Cruz dos Milagres;PI;Nordeste
2209203;Santa Filomena;PI;Nordeste
2209302;Santa Luz;PI;Nordeste
2209377;Santa Rosa do Piauí;PI;Nordeste
2209351;Santana do Piauí;PI;Nordeste
2209401;Santo Antônio de Lisboa;PI;Nordeste
2209450;Santo Antônio dos Milagres;PI;Nordeste
2209500;Santo Inácio do Piauí;PI;Nordeste
2209559;São Braz do Piauí;PI;Nordeste
2209609;São Félix do Piauí;PI;Nordeste
2209658;São Francisco de Assis do Piauí;PI;Nordeste
2209708;São Francisco do Piauí;PI;Nordeste
2209757;São Gonçalo do Gurguéia;PI;Nordeste
2209807;São Gonçalo do Piauí;PI;Nordeste
2209856;São João da Canabrava;PI;Nordeste
2209872;São João da Fronteira;PI;Nordeste
2209906;São João da Serra;PI;Nordeste
2209955;São João da Varjota;PI;Nordeste
2209971;São João do Arraial;PI;Nordeste
2210003;São João do Piauí;PI;Nordeste
2210052;São José do Divino;PI;Nordeste
2210102;São José do Peixe;PI;Nordeste
2210201;São José do Piauí;PI;Nordeste
2210300;São Julião;PI;Nordeste
2210359;São Lourenço do Piauí;PI;Nordeste
2210375;São Luis do Piauí;PI;Nordeste
2210383;São Miguel da Baixa Grande;PI;Nordeste
2210391;São Miguel do Fidalgo;PI;Nordeste
2210409;São Miguel do Tapuio;PI;Nordeste
2210508;São Pedro do Piauí;PI;Nordeste
2210607;São Raimundo Nonato;PI;Nordeste
2210623;Sebastião Barros;PI;Nordeste
2210631;Sebastião Leal;PI;Nordeste
2210656;Sigefredo Pacheco;PI;Nordeste
2210706;Simões;PI;Nordeste
2210805;Simplício Mendes;PI;Nordeste
2210904;Socorro do Piauí;PI;Nordeste
2210938;Sussuapara;PI;Nordeste
2210953;Tamboril do Piauí;PI;Nordeste
2210979;Tanque do Piauí;PI;Nordeste
2211001;Teresina;PI;Nordeste
2211100;União;PI;Nordeste
2211209;Uruçuí;PI;Nordeste
2211308;Valença do Piauí;PI;Nordeste
2211357;Várzea Branca;PI;Nordeste
2211407;Várzea Grande;PI;Nordeste
2211506;Vera Mendes;PI;Nordeste
2211605;Vila Nova do Piauí;PI;Nordeste
2211704;Wall Ferraz;PI;Nordeste
2400109;Acari;RN;Nordeste
2400208;Açu;RN;Nordeste
2400307;Afonso Bezerra;RN;Nordeste
2400406;Água Nova;RN;Nordeste
2400505;Alexandria;RN;Nordeste
2400604;Almino Afonso;RN;Nordeste
2400703;Alto do Rodrigues;RN;Nordeste
2400802;Angicos;RN;Nordeste
2400901;Antônio Martins;RN;Nordeste
2401008;Apodi;RN;Nordeste
2401107;Areia Branca;RN;Nordeste
2401206;Arês;RN;Nordeste
2401404;Baía Formosa;RN;Nordeste
2401453;Baraúna;RN;Nordeste
2401503;Barcelona;RN;Nordeste
2401602;Bento Fernandes;RN;Nordeste
2401651;Bodó;RN;Nordeste
2401701;Bom Jesus;RN;Nordeste
2401800;Brejinho;RN;Nordeste
2401909;Caiçara do Rio do Vento;RN;Nordeste
2402006;Caicó;RN;Nordeste
2401305;Campo Grande;RN;Nordeste
2402105;Campo Redondo;RN;Nordeste
2402204;Canguaretama;RN;Nordeste
2402303;Caraúbas;RN;Nordeste
2402402;Carnaúba dos Dantas;RN;Nordeste
2402501;Carnaubais;RN;Nordeste
2402600;Ceará-Mirim;RN;Nordeste
2402709;Cerro Corá;RN;Nordeste
2402808;Coronel Ezequiel;RN;Nordeste
2402907;Coronel João Pessoa;RN;Nordeste
2403004;Cruzeta;RN;Nordeste
2403103;Currais Novos;RN;Nordeste
2403202;Doutor Severiano;RN;Nordeste
2403301;Encanto;RN;Nordeste
2403400;Equador;RN;Nordeste
2403509;Espírito Santo;RN;Nordeste
2403608;Extremoz;RN;Nordeste
2403707;Felipe Guerra;RN;Nordeste
2403756;Fernando Pedroza;RN;Nordeste
2403806;Florânia;RN;Nordeste
2403905;Francisco Dantas;RN;Nordeste
2404002;Frutuoso Gomes;RN;Nordeste
2404101;Galinhos;RN;Nordeste
2404200;Goianinha;RN;Nordeste
2404309;Governador Dix-Sept Rosado;RN;Nordeste
2404408;Grossos;RN;Nordeste
2404507;Guamaré;RN;Nordeste
2404606;Ielmo Marinho;RN;Nordeste
2404705;Ipanguaçu;RN;Nordeste
2404804;Ipueira;RN;Nordeste
2404853;Itajá;RN;Nordeste
2404903;Itaú;RN;Nordeste
2405009;Jaçanã;RN;Nordeste
2405108;Jandaíra;RN;Nordeste
2405207;Janduís;RN;Nordeste
2405306;Januário Cicco;RN;Nordeste
2405405;Japi;RN;Nordeste
2405504;Jardim de Angicos;RN;Nordeste
2405603;Jardim de Piranhas;RN;Nordeste
2405702;Jardim do Seridó;RN;Nordeste
2405801;João Câmara;RN;Nordeste
2405900;João Dias;RN;Nordeste
2406007;José da Penha;RN;Nordeste
2406106;Jucurutu;RN;Nordeste
2406155;Jundiá;RN;Nordeste
2406205;Lagoa d'Anta;RN;Nordeste
2406304;Lagoa de Pedras;RN;Nordeste
2406403;Lagoa de Velhos;RN;Nordeste
2406502;Lagoa Nova;RN;Nordeste
2406601;Lagoa Salgada;RN;Nordeste
2406700;Lajes;RN;Nordeste
2406809;Lajes Pintadas;RN;Nordeste
2406908;Lucrécia;RN;Nordeste
2407005;Luís Gomes;RN;Nordeste
2407104;Macaíba;RN;Nordeste
2407203;Macau;RN;Nordeste
2407252;Major Sales;RN;Nordeste
2407302;Marcelino Vieira;RN;Nordeste
2407401;Martins;RN;Nordeste
2407500;Maxaranguape;RN;Nordeste
2407609;Messias Targino;RN;Nordeste
2407708;Montanhas;RN;Nordeste
2407807;Monte Alegre;RN;Nordeste
2407906;Monte das Gameleiras;RN;Nordeste
2408003;Mossoró;RN;Nordeste
2408102;Natal;RN;Nordeste
2408201;Nísia Floresta;RN;Nordeste
2408300;Nova Cruz;RN;Nordeste
2408409;Olho d'Água do Borges;RN;Nordeste
2408508;Ouro Branco;RN;Nordeste
2408607;Paraná;RN;Nordeste
2408706;Paraú;RN;Nordeste
2408805;Parazinho;RN;Nordeste
2408904;Parelhas;RN;Nordeste
2403251;Parnamirim;RN;Nordeste
2409100;Passa e Fica;RN;Nordeste
2409209;Passagem;RN;Nordeste
2409308;Patu;RN;Nordeste
2409407;Pau dos Ferros;RN;Nordeste
2409506;Pedra Grande;RN;Nordeste
2409605;Pedra Preta;RN;Nordeste
2409704;Pedro Avelino;RN;Nordeste
2409803;Pedro Velho;RN;Nordeste
2409902;Pendências;RN;Nordeste
2410009;Pilões;RN;Nordeste
2410108;Poço Branco;RN;Nordeste
2410207;Portalegre;RN;Nordeste
2410256;Porto do Mangue;RN;Nordeste
2410405;Pureza;RN;Nordeste
2410504;Rafael Fernandes;RN;Nordeste
2410603;Rafael Godeiro;RN;Nordeste
2410702;Riacho da Cruz;RN;Nordeste
2410801;Riacho de Santana;RN;Nordeste
2410900;Riachuelo;RN;Nordeste
2408953;Rio do Fogo;RN;Nordeste
2411007;Rodolfo Fernandes;RN;Nordeste
2411106;Ruy Barbosa;RN;Nordeste
2411205;Santa Cruz;RN;Nordeste
2406904;Santa Maria;RN;Nordeste
2411403;Santana do Matos;RN;Nordeste
2411429;Santana do Seridó;RN;Nordeste
2411502;Santo Antônio;RN;Nordeste
2411601;São Bento do Norte;RN;Nordeste
2411700;São Bento do Trairí;RN;Nordeste
2411809;São Fernando;RN;Nordeste
2411908;São Francisco do Oeste;RN;Nordeste
2412005;São Gonçalo do Amarante;RN;Nordeste
2412104;São João do Sabugi;RN;Nordeste
2412203;São José de Mipibu;RN;Nordeste
2412302;São José do Campestre;RN;Nordeste
2412401;São José do Seridó;RN;Nordeste
2412500;São Miguel;RN;Nordeste
2412559;São Miguel do Gostoso;RN;Nordeste
2412609;São Paulo do Potengi;RN;Nordeste
2412708;São Pedro;RN;Nordeste
2412807;São Rafael;RN;Nordeste
2412906;São Tomé;RN;Nordeste
2413003;São Vicente;RN;Nordeste
2413102;Senador Elói de Souza;RN;Nordeste
2413201;Senador Georgino Avelino;RN;Nordeste
2410306;Serra Caiada;RN;Nordeste
2413300;Serra de São Bento;RN;Nordeste
2413359;Serra do Mel;RN;Nordeste
2413409;Serra Negra do Norte;RN;Nordeste
2413508;Serrinha;RN;Nordeste
2413557;Serrinha dos Pintos;RN;Nordeste
2413607;Severiano Melo;RN;Nordeste
2413706;Sítio Novo;RN;Nordeste
2413805;Taboleiro Grande;RN;Nordeste
2413904;Taipu;RN;Nordeste
2414001;Tangará;RN;Nordeste
2414100;Tenente Ananias;RN;Nordeste
2414159;Tenente Laurentino Cruz;RN;Nordeste
2411056;Tibau;RN;Nordeste
2414209;Tibau do Sul;RN;Nordeste
2414308;Timbaúba dos Batistas;RN;Nordeste
2414407;Touros;RN;Nordeste
2414456;Triunfo Potiguar;RN;Nordeste
2414506;Umarizal;RN;Nordeste
2414605;Upanema;RN;Nordeste
2414704;Várzea;RN;Nordeste
2414753;Venha-Ver;RN;Nordeste
2414803;Vera Cruz;RN;Nordeste
2414902;Viçosa;RN;Nordeste
2415008;Vila Flor;RN;Nordeste
1100015;Alta Floresta D'Oeste;RO;Norte
1100379;Alto Alegre dos Parecis;RO;Norte
1100403;Alto Paraíso;RO;Norte
1100346;Alvorada D'Oeste;RO;Norte
1100023;Ariquemes;RO;Norte
1100452;Buritis;RO;Norte
1100031;Cabixi;RO;Norte
1100601;Cacaulândia;RO;Norte
1100049;Cacoal;RO;Norte
1100700;Campo Novo de Rondônia;RO;Norte
1100809;Candeias do Jamari;RO;Norte
1100908;Castanheiras;RO;Norte
1100056;Cerejeiras;RO;Norte
1100924;Chupinguaia;RO;Norte
1100064;Colorado do Oeste;RO;Norte
1100072;Corumbiara;RO;Norte
1100080;Costa Marques;RO;Norte
1100940;Cujubim;RO;Norte
1100098;Espigão D'Oeste;RO;Norte
1101005;Governador Jorge Teixeira;RO;Norte
1100106;Guajará-Mirim;RO;Norte
1101104;Itapuã do Oeste;RO;Norte
1100114;Jaru;RO;Norte
1100122;Ji-Paraná;RO;Norte
1100130;Machadinho D'Oeste;RO;Norte
1101203;Ministro Andreazza;RO;Norte
1101302;Mirante da Serra;RO;Norte
1101401;Monte Negro;RO;Norte
1100148;Nova Brasilândia D'Oeste;RO;Norte
1100338;Nova Mamoré;RO;Norte
1101435;Nova União;RO;Norte
1100502;Novo Horizonte do Oeste;RO;Norte
1100155;Ouro Preto do Oeste;RO;Norte
1101450;Parecis;RO;Norte
1100189;Pimenta Bueno;RO;Norte
1101468;Pimenteiras do Oeste;RO;Norte
1100205;Porto Velho;RO;Norte
1100254;Presidente Médici;RO;Norte
1101476;Primavera de Rondônia;RO;Norte
1100262;Rio Crespo;RO;Norte
1100288;Rolim de Moura;RO;Norte
1100296;Santa Luzia D'Oeste;RO;Norte
1101484;São Felipe D'Oeste;RO;Norte
1101492;São Francisco do Guaporé;RO;Norte
1100320;São Miguel do Guaporé;RO;Norte
1101500;Seringueiras;RO;Norte
1101559;Teixeirópolis;RO;Norte
1101609;Theobroma;RO;Norte
1101708;Urupá;RO;Norte
1101757;Vale do Anari;RO;Norte
1101807;Vale do Paraíso;RO;Norte
1100304;Vilhena;RO;Norte
1400050;Alto Alegre;RR;Norte
1400027;Amajari;RR;Norte
1400100;Boa Vista;RR;Norte
1400159;Bonfim;RR;Norte
1400175;Cantá;RR;Norte
1400209;Caracaraí;RR;Norte
1400233;Caroebe;RR;Norte
1400282;Iracema;RR;Norte
1400308;Mucajaí;RR;Norte
1400407;Normandia;RR;Norte
1400456;Pacaraima;RR;Norte
1400472;Rorainópolis;RR;Norte
1400506;São João da Baliza;RR;Norte
1400605;São Luiz;RR;Norte
1400704;Uiramutã;RR;Norte
2800100;Amparo do São Francisco;SE;Nordeste
2800209;Aquidabã;SE;Nordeste
2800407;Arauá;SE;Nordeste
2800506;Areia Branca;SE;Nordeste
2800605;Barra dos Coqueiros;SE;Nordeste
2800704;Brejo Grande;SE;Nordeste
2801009;Campo do Brito;SE;Nordeste
2801108;Canhoba;SE;Nordeste
2801207;Canindé de São Francisco;SE;Nordeste
2801306;Capela;SE;Nordeste
2801405;Carira;SE;Nordeste
2801603;Cedro de São João;SE;Nordeste
2801900;Cumbe;SE;Nordeste
2802007;Divina Pastora;SE;Nordeste
2802106;Estância;SE;Nordeste
2802205;Feira Nova;SE;Nordeste
2802304;Frei Paulo;SE;Nordeste
2802403;Gararu;SE;Nordeste
2802601;Gracho Cardoso;SE;Nordeste
2802700;Ilha das Flores;SE;Nordeste
2802908;Itabaiana;SE;Nordeste
2803005;Itabaianinha;SE;Nordeste
2803104;Itabi;SE;Nordeste
2803203;Itaporanga d'Ajuda;SE;Nordeste
2803302;Japaratuba;SE;Nordeste
2803401;Japoatã;SE;Nordeste
2803500;Lagarto;SE;Nordeste
2803609;Laranjeiras;SE;Nordeste
2803708;Macambira;SE;Nordeste
2803807;Malhada dos Bois;SE;Nordeste
2803906;Malhador;SE;Nordeste
2804102;Moita Bonita;SE;Nordeste
2804201;Monte Alegre de Sergipe;SE;Nordeste
2804300;Muribeca;SE;Nordeste
2804409;Neópolis;SE;Nordeste
2804458;Nossa Senhora Aparecida;SE;Nordeste
2804508;Nossa Senhora da Glória;SE;Nordeste
2804607;Nossa Senhora das Dores;SE;Nordeste
2804706;Nossa Senhora de Lourdes;SE;Nordeste
2804805;Nossa Senhora do Socorro;SE;Nordeste
2804904;Pacatuba;SE;Nordeste
2805000;Pedra Mole;SE;Nordeste
2805208;Pinhão;SE;Nordeste
2805406;Poço Redondo;SE;Nordeste
2805505;Poço Verde;SE;Nordeste
2805604;Porto da Folha;SE;Nordeste
2805703;Propriá;SE;Nordeste
2805802;Riachão do Dantas;SE;Nordeste
2805901;Riachuelo;SE;Nordeste
2806008;Ribeirópolis;SE;Nordeste
2806206;Salgado;SE;Nordeste
2806503;Santa Rosa de Lima;SE;Nordeste
2806404;Santana do São Francisco;SE;Nordeste
2806602;Santo Amaro das Brotas;SE;Nordeste
2806800;São Domingos;SE;Nordeste
2806909;São Francisco;SE;Nordeste
2807006;São Miguel do Aleixo;SE;Nordeste
2807105;Simão Dias;SE;Nordeste
2807303;Telha;SE;Nordeste
2807402;Tobias Barreto;SE;Nordeste
2807501;Tomar do Geru;SE;Nordeste
2807600;Umbaúba;SE;Nordeste
1700251;Abreulândia;TO;Norte
1700301;Aguiarnópolis;TO;Norte
1700350;Aliança do Tocantins;TO;Norte
1700400;Almas;TO;Norte
1700707;Alvorada;TO;Norte
1701002;Ananás;TO;Norte
1701051;Angico;TO;Norte
1701101;Aparecida do Rio Negro;TO;Norte
1701309;Aragominas;TO;Norte
1701903;Araguacema;TO;Norte
1702000;Araguaçu;TO;Norte
1702109;Araguaína;TO;Norte
1702158;Araguanã;TO;Norte
1702208;Araguatins;TO;Norte
1702307;Arapoema;TO;Norte
1702406;Arraias;TO;Norte
1702554;Augustinópolis;TO;Norte
1702703;Aurora do Tocantins;TO;Norte
1702901;Axixá do Tocantins;TO;Norte
1703008;Babaçulândia;TO;Norte
1703057;Bandeirantes do Tocantins;TO;Norte
1703073;Barra do Ouro;TO;Norte
1703107;Barrolândia;TO;Norte
1703206;Bernardo Sayão;TO;Norte
1703305;Bom Jesus do Tocantins;TO;Norte
1703602;Brasilândia do Tocantins;TO;Norte
1703701;Brejinho de Nazaré;TO;Norte
1703800;Buriti do Tocantins;TO;Norte
1703826;Cachoeirinha;TO;Norte
1703842;Campos Lindos;TO;Norte
1703867;Cariri do Tocantins;TO;Norte
1703883;Carmolândia;TO;Norte
1703891;Carrasco Bonito;TO;Norte
1703909;Caseara;TO;Norte
1704105;Centenário;TO;Norte
1705102;Chapada da Natividade;TO;Norte
1704600;Chapada de Areia;TO;Norte
1705508;Colinas do Tocantins;TO;Norte
1716703;Colméia;TO;Norte
1705557;Combinado;TO;Norte
1705607;Conceição do Tocantins;TO;Norte
1706001;Couto Magalhães;TO;Norte
1706100;Cristalândia;TO;Norte
1706258;Crixás do Tocantins;TO;Norte
1706506;Darcinópolis;TO;Norte
1707009;Dianópolis;TO;Norte
1707108;Divinópolis do Tocantins;TO;Norte
1707207;Dois Irmãos do Tocantins;TO;Norte
1707306;Dueré;TO;Norte
1707405;Esperantina;TO;Norte
1707553;Fátima;TO;Norte
1707652;Figueirópolis;TO;Norte
1707702;Filadélfia;TO;Norte
1708205;Formoso do Araguaia;TO;Norte
1708304;Goianorte;TO;Norte
1709005;Goiatins;TO;Norte
1709302;Guaraí;TO;Norte
1709500;Gurupi;TO;Norte
1709807;Ipueiras;TO;Norte
1710508;Itacajá;TO;Norte
1710706;Itaguatins;TO;Norte
1710904;Itapiratins;TO;Norte
1711100;Itaporã do Tocantins;TO;Norte
1711506;Jaú do Tocantins;TO;Norte
1711803;Juarina;TO;Norte
1711902;Lagoa da Confusão;TO;Norte
1711951;Lagoa do Tocantins;TO;Norte
1712009;Lajeado;TO;Norte
1712157;Lavandeira;TO;Norte
1712405;Lizarda;TO;Norte
1712454;Luzinópolis;TO;Norte
1712504;Marianópolis do Tocantins;TO;Norte
1712702;Mateiros;TO;Norte
1712801;Maurilândia do Tocantins;TO;Norte
1713205;Miracema do Tocantins;TO;Norte
1713304;Miranorte;TO;Norte
1713601;Monte do Carmo;TO;Norte
1713700;Monte Santo do Tocantins;TO;Norte
1713957;Muricilândia;TO;Norte
1714203;Natividade;TO;Norte
1714302;Nazaré;TO;Norte
1714880;Nova Olinda;TO;Norte
1715002;Nova Rosalândia;TO;Norte
1715101;Novo Acordo;TO;Norte
1715150;Novo Alegre;TO;Norte
1715259;Novo Jardim;TO;Norte
1715507;Oliveira de Fátima;TO;Norte
1721000;Palmas;TO;Norte
1715705;Palmeirante;TO;Norte
1713809;Palmeiras do Tocantins;TO;Norte
1715754;Palmeirópolis;TO;Norte
1716109;Paraíso do Tocantins;TO;Norte
1716208;Paranã;TO;Norte
1716307;Pau D'Arco;TO;Norte
1716505;Pedro Afonso;TO;Norte
1716604;Peixe;TO;Norte
1716653;Pequizeiro;TO;Norte
1717008;Pindorama do Tocantins;TO;Norte
1717206;Piraquê;TO;Norte
1717503;Pium;TO;Norte
1717800;Ponte Alta do Bom Jesus;TO;Norte
1717909;Ponte Alta do Tocantins;TO;Norte
1718006;Porto Alegre do Tocantins;TO;Norte
1718204;Porto Nacional;TO;Norte
1718303;Praia Norte;TO;Norte
1718402;Presidente Kennedy;TO;Norte
1718451;Pugmil;TO;Norte
1718501;Recursolândia;TO;Norte
1718550;Riachinho;TO;Norte
1718659;Rio da Conceição;TO;Norte
1718709;Rio dos Bois;TO;Norte
1718758;Rio Sono;TO;Norte
1718808;Sampaio;TO;Norte
1718840;Sandolândia;TO;Norte
1718865;Santa Fé do Araguaia;TO;Norte
1718881;Santa Maria do Tocantins;TO;Norte
1718899;Santa Rita do Tocantins;TO;Norte
1718907;Santa Rosa do Tocantins;TO;Norte
1719004;Santa Tereza do Tocantins;TO;Norte
1720002;Santa Terezinha do Tocantins;TO;Norte
1720101;São Bento do Tocantins;TO;Norte
1720150;São Félix do Tocantins;TO;Norte
1720200;São Miguel do Tocantins;TO;Norte
1720259;São Salvador do Tocantins;TO;Norte
1720309;São Sebastião do Tocantins;TO;Norte
1720499;São Valério;TO;Norte
1720655;Silvanópolis;TO;Norte
1720804;Sítio Novo do Tocantins;TO;Norte
1720853;Sucupira;TO;Norte
1708254;Tabocão;TO;Norte
1720903;Taguatinga;TO;Norte
1720937;Taipas do Tocantins;TO;Norte
1720978;Talismã;TO;Norte
1721109;Tocantínia;TO;Norte
1721208;Tocantinópolis;TO;Norte
1721257;Tupirama;TO;Norte
1721307;Tupiratins;TO;Norte
1722081;Wanderlândia;TO;Norte
1722107;Xambioá;TO;Norte